year,name,party,china_mentions,china_text,china_sentiment
1790,George Washington,none,0,[],NA
1791,George Washington,none,0,[],NA
1792,George Washington,none,0,[],NA
1793,George Washington,none,0,[],NA
1794,George Washington,none,0,[],NA
1795,George Washington,none,0,[],NA
1796,George Washington,none,0,[],NA
1797,John Adams,Federalist,0,[],NA
1798,John Adams,Federalist,0,[],NA
1799,John Adams,Federalist,0,[],NA
1800,John Adams,Federalist,0,[],NA
1801,Thomas Jefferson,Democratic-Republican,0,[],NA
1802,Thomas Jefferson,Democratic-Republican,0,[],NA
1803,Thomas Jefferson,Democratic-Republican,0,[],NA
1804,Thomas Jefferson,Democratic-Republican,0,[],NA
1805,Thomas Jefferson,Democratic-Republican,0,[],NA
1806,Thomas Jefferson,Democratic-Republican,0,[],NA
1807,Thomas Jefferson,Democratic-Republican,0,[],NA
1808,Thomas Jefferson,Democratic-Republican,0,[],NA
1809,James Madison,Democratic-Republican,0,[],NA
1810,James Madison,Democratic-Republican,0,[],NA
1811,James Madison,Democratic-Republican,0,[],NA
1812,James Madison,Democratic-Republican,0,[],NA
1813,James Madison,Democratic-Republican,0,[],NA
1814,James Madison,Democratic-Republican,0,[],NA
1815,James Madison,Democratic-Republican,0,[],NA
1816,James Madison,Democratic-Republican,0,[],NA
1817,James Monroe,Democratic-Republican,0,[],NA
1818,James Monroe,Democratic-Republican,0,[],NA
1819,James Monroe,Democratic-Republican,0,[],NA
1820,James Monroe,Democratic-Republican,0,[],NA
1821,James Monroe,Democratic-Republican,0,[],NA
1822,James Monroe,Democratic-Republican,0,[],NA
1823,James Monroe,Democratic-Republican,0,[],NA
1824,James Monroe,Democratic-Republican,0,[],NA
1825,John Quincy Adams,Democratic-Republican,1,['But an unsettled coast of many degrees of latitude forming a part of our own territory and a flourishing commerce and fishery extending to the islands of the Pacific and to China still require that the protecting power of the Union should be displayed under its flag as well upon the ocean as upon the land.'],Neutral
1826,John Quincy Adams,Democratic-Republican,0,[],NA
1827,John Quincy Adams,Democratic-Republican,0,[],NA
1828,John Quincy Adams,Democratic-Republican,0,[],NA
1829,Andrew Jackson,Democratic,0,[],NA
1830,Andrew Jackson,Democratic,0,[],NA
1831,Andrew Jackson,Democratic,1,"['To China and the East Indies our commerce continues in its usual extent, and with increased facilities which the credit and capital of our merchants afford by substituting bills for payments in specie.']",Neutral
1832,Andrew Jackson,Democratic,0,[],NA
1833,Andrew Jackson,Democratic,0,[],NA
1834,Andrew Jackson,Democratic,0,[],NA
1835,Andrew Jackson,Democratic,0,[],NA
1836,Andrew Jackson,Democratic,0,[],NA
1837,Martin Van Buren,Democratic,0,[],NA
1838,Martin Van Buren,Democratic,1,"['The unsettled state of a portion of South America renders it indispensable that our commerce should receive protection in that quarter; the vast and increasing interests embarked in the trade of the Indian and China seas, in the whale fisheries of the Pacific Ocean, and in the Gulf of Mexico require equal attention to their safety, and a small squadron may be employed to great advantage on our Atlantic coast in meeting sudden demands for the reenforcement of other stations, in aiding merchant vessels in distress, in affording active service to an additional number of officers, and in visiting the different ports of the United States, an accurate knowledge of which is obviously of the highest importance.']",Neutral
1839,Martin Van Buren,Democratic,0,[],NA
1840,Martin Van Buren,Democratic,1,"['A small squadron, consisting of the frigate Constellation and the sloop of war Boston, under Commodore Kearney, is now on its way to the China and Indian seas for the purpose of attending to our interests in that quarter, and Commander Aulick, in the sloop of war Yorktown, has been instructed to visit the Sandwich and Society islands, the coasts of New Zealand and Japan, together with other ports and islands frequented by our whale ships, for the purpose of giving them countenance and protection should they be required.']",Neutral
1841,John Tyler,Whig & Democratic,0,[],NA
1842,John Tyler,Whig & Democratic,0,[],NA
1843,John Tyler,Whig & Democratic,3,"['Under the provisions of an act of Congress of the last session a minister was dispatched from the United States to China in August of the present year, who, from the latest accounts we have from him, was at Suez, in Egypt, on the 25th of September last, on his route to China.', 'It gives me great pain to announce to you the loss of the steamship the Missouri by fire in the Bay of Gibraltar, where she had stopped to renew her supplies of coal on her voyage to Alexandria, with Mr. Cushing, the American minister to China, on board.']",Neutral
1844,John Tyler,Whig & Democratic,1,[],NA
1845,James Polk,Democratic,1,"['The commissioner appointed to China during the special session of the Senate in March last shortly afterwards set out on his mission in the United States ship Columbus.', 'Commodore Biddle, commanding the East India Squadron, proceeded on his voyage in the Columbus, and was charged by the commissioner with the duty of exchanging with the proper authorities the ratifications of the treaty lately concluded with the Emperor of China.']",Neutral
1846,James Polk,Democratic,0,[],NA
1847,James Polk,Democratic,7,"['The Bay of San Francisco and other harbors along the Californian coast would afford shelter for our Navy, for our numerous whale ships, and other merchant vessels employed in the Pacific Ocean, and would in a short period become the marts of an extensive and profitable commerce with China and other countries of the East.', 'I invite the early attention of Congress to the present condition of our citizens in China.', 'The merchant vessels of the United States lying in the waters of the five ports of China open to foreign commerce are under the exclusive jurisdiction of officers of their own Government.', 'Until Congress shall establish competent tribunals to try and punish crimes and to exercise jurisdiction in civil cases in China, American citizens there are subject to no law whatever.', 'The British authorities in China have already complained that this Government has not provided for the punishment of crimes or the enforcement of contracts against American citizens in that country, whilst their Government has established tribunals by which an American citizen can recover debts due from British subjects.', 'Indeed, the consequences might be fatal to American citizens in China should a flagrant crime be committed by any one of them upon a Chinese, and should trial and punishment not follow according to the requisitions of the treaty.', 'Our treaties with the Sublime Porte, Tripoli, Tunis, Morocco, and Muscat also require the legislation of Congress to carry them into execution, though the necessity for immediate action may not be so urgent as in regard to China.']",Neutral
1848,James Polk,Democratic,2,"['From its position it must command the rich commerce of China, of Asia, of the islands of the Pacific, of western Mexico, of Central America, the South American States, and of the Russian possessions bordering on that ocean.', 'It is well known to our merchants trading to China and the west coast of America that great inconvenience and loss are experienced from the fact that our coins are not current at their par value in those countries.']",Neutral
1849,Zachary Taylor,Whig,0,[],NA
1850,Millard Fillmore,Whig,0,[],NA
1851,Millard Fillmore,Whig,2,"['The office of commissioner to China remains unfilled.', 'Our commerce with China is highly important, and is becoming more and more so in consequence of the increasing intercourse between our ports on the Pacific Coast and eastern Asia.', 'China is understood to be a country in which living is very expensive, and I know of no reason why the American commissioner sent thither should not be placed, in regard to compensation, on an equal footing with ministers who represent this country at the Courts of Europe.']",Neutral
1852,Millard Fillmore,Whig,1,"['Should it be crowned with success, the advantages will not be confined to the United States, but, as in the case of China, will be equally enjoyed by all the other maritime powers.', 'The preparations for the Japan expedition, to which I have already alluded; the arrangements made for the exploration and survey of the China Seas, the Northern Pacific, and Behrings Straits; the incipient measures taken toward a reconnoissance of the continent of Africa eastward of Liberia; the preparation for an early examination of the tributaries of the river La Plata, which a recent decree of the provisional chief of the Argentine Confederation has opened to navigation-all these enterprises and the means by which they are proposed to be accomplished have commanded my full approbation, and I have no doubt will be productive of most useful results.']",Neutral
1853,Franklin Pierce,Democratic,2,"['The condition of China at this time renders it probable that some important changes will occur in that vast Empire which will lead to a more unrestricted intercourse with it.', 'The commissioner to that country who has been recently appointed is instructed to avail himself of all occasions to open and extend our commercial relations, not only with the Empire of China, but with other Asiatic nations.']",Neutral
1854,Franklin Pierce,Democratic,0,[],NA
1855,Franklin Pierce,Democratic,0,[],NA
1856,Franklin Pierce,Democratic,0,[],NA
1857,James Buchanan,Democratic,6,"['Recent occurrences in China have been unfavorable to a revision of the treaty with that Empire of the 3d July, 1844, with a view to the security and extension of our commerce.', 'Under these circumstances I have deemed it advisable to appoint a distinguished citizen of Pennsylvania envoy extraordinary and minister plenipotentiary to proceed to China and to avail himself of any opportunities which may offer to effect changes in the existing treaty favorable to American commerce.', 'Special ministers to China have also been appointed by the Governments of Great Britain and France.', 'Whilst our minister has been instructed to occupy a neutral position in reference to the existing hostilities at Canton, he will cordially cooperate with the British and French ministers in all peaceful measures to secure by treaty stipulations those just concessions to commerce which the nations of the world have a right to expect and which China can not long be permitted to withhold.', 'At the present moment we have no armed vessel in the Navy which can penetrate the rivers of China.']",Neutral
1858,James Buchanan,Democratic,4,"['I have occasion also to congratulate you on the result of our negotiations with China.', 'In conjunction with the Russian plenipotentiary, he has peacefully, but effectually, cooperated with the English and French plenipotentiaries, and each of the four powers has concluded a separate treaty with China of a highly satisfactory character.', 'Our recent treaties with China and Japan will open these rich and populous Empires to our commerce; and the history of the world proves that the nation which has gained possession of the trade with eastern Asia has always become wealthy and powerful.']",Neutral
1859,James Buchanan,Democratic,8,"['The wisdom of the course pursued by this Government toward China has been vindicated by the event.', 'The result is that satisfactory treaties have been concluded with China by the respective ministers of the United States, Great Britain, France, and Russia.', 'On the 15th December, 1858, John E. Ward, a distinguished citizen of Georgia, was duly commissioned as envoy extraordinary and minister plenipotentiary to China.', 'In order to carry out the spirit of this treaty and to give it full effect it became necessary to conclude two supplemental conventions, the one for the adjustment and satisfaction of the claims of our citizens and the other to fix the tariff on imports and exports and to regulate the transit duties and trade of our merchants with China.']",Neutral
1860,James Buchanan,Democratic,4,"['The friendly and peaceful policy pursued by the Government of the United States toward the Empire of China has produced the most satisfactory results.', 'The convention of the 8th November, 1858, supplementary to this treaty, for the adjustment and satisfaction of the claims of our citizens on China referred to in my last annual message, has been already carried into effect so far as this was practicable.', 'Our minister to China, in obedience to his instructions, has remained perfectly neutral in the war between Great Britain and France and the Chinese Empire, although, in conjunction with the Russian minister, he was ever ready and willing, had the opportunity offered, to employ his good offices in restoring peace between the parties.']",Neutral
1861,Abraham Lincoln,Republican,2,"['I repeat the recommendation of my predecessor in his annual message to Congress in December last in regard to the disposition of the surplus which will probably remain after satisfying the claims of American citizens against China, pursuant to the awards of the commissioners under the act of the 3d of March, 1859.', 'If, however, it should not be deemed advisable to carry that recommendation into effect, I would suggest that authority be given for investing the principal, over the proceeds of the surplus referred to, in good securities, with a view to the satisfaction of such other just claims of our citizens against China as are not unlikely to arise hereafter in the course of our extensive trade with that Empire.']",Neutral
1862,Abraham Lincoln,Republican,1,"['Very favorable relations also continue to be maintained with Turkey, Morocco, China, and Japan.']",Neutral
1863,Abraham Lincoln,Republican,1,"['This acknowledgment justly includes those consuls who, residing in Morocco, Egypt, Turkey, Japan, China, and other Oriental countries, are charged with complex functions and extraordinary powers.']",Neutral
1864,Abraham Lincoln,Republican,2,"['The rebellion which has so long been flagrant in China has at last been suppressed, with the cooperating good offices of this Government and of the other Western commercial States.', 'China seems to be accepting with hearty good will the conventional laws which regulate commercial and social intercourse among the Western nations.']",Neutral
1865,Andrew Johnson,National Union,1,"['Our relations with the Emperor of China, so recent in their origin, are most friendly.']",Neutral
1866,Andrew Johnson,National Union,0,[],NA
1867,Andrew Johnson,National Union,0,[],NA
1868,Andrew Johnson,National Union,0,[],NA
1869,Ulysses S Grant,Republican,3,"['Our neighbors south of us and China and Japan, should receive our special attention.', 'Through the agency of a more enlightened policy than that heretofore pursued toward China, largely due to the sagacity and efforts of one of our own distinguished citizens, the world is about to commence largely increased relations with that populous and hitherto exclusive nation.', 'I also recommend that the mission to China be raised to one of the first class.']",Neutral
1870,Ulysses S Grant,Republican,5,"['Unfortunately, the news of the war between the German States and France reached China soon after the massacre.', 'Anticipating trouble from this cause, I invited France and North Germany to make an authorized suspension of hostilities in the East (where they were temporarily suspended by act of the commanders), and to act together for the future protection in China of the lives and properties of Americans and Europeans.', 'Our depressed commerce is a subject to which I called your special attention at the last session, and suggested that we will in the future have to look more to the countries south of us, and to China and Japan, for its revival.', 'But the fact exists that the carrying is done almost entirely in foreign bottoms, and while this state of affairs exists we can not control our due share of the commerce of the world; that between the Pacific States and China and Japan is about all the carrying trade now conducted in American vessels.']",Neutral
1871,Ulysses S Grant,Republican,5,"['It is our desire to continue to maintain this disinterested and just policy with China as well as Japan.', 'To give importance to and to add to the efficiency of our diplomatic relations with Japan and China, and to further aid in retaining the good opinion of those peoples, and to secure to the United States its share of the commerce destined to flow between those nations and the balance of the commercial world, I earnestly recommend that an appropriation be made to support at least four American youths in each of those countries, to serve as a part of the official family of our ministers there.', 'As now situated, our representatives in Japan and China have to depend for interpreters and translators upon natives of those countries who know our language imperfectly, or procure for the occasion the services of employees in foreign business houses or the interpreters to other foreign ministers.', 'I would also recommend liberal measures for the purpose of supporting the American lines of steamers now plying between San Francisco and Japan and China, and the Australian line-almost our only remaining lines of ocean steamers-and of increasing their services.']",Neutral
1872,Ulysses S Grant,Republican,2,"['In this connection I renew my recommendation of one year ago, that- To give importance to and to add to the efficiency of our diplomatic relations with Japan and China, and to further aid in retaining the good opinion of those peoples, and to secure to the United States its share of the commerce destined to flow between those nations and the balance of the commercial world, an appropriation be made to support at least four American youths in each of those countries, to serve as a part of the official family of our ministers there.', 'As now situated, our representatives in Japan and China have to depend for interpreters and translators upon natives of those countries, who know our language imperfectly, or procure for the occasion the services of employees in foreign business houses or the interpreters to other foreign ministers.']",Neutral
1873,Ulysses S Grant,Republican,1,"['It is my pleasant duty to announce to Congress that the Emperor of China, on attaining his majority, received the diplomatic representatives of the Western powers in person.']",Neutral
1874,Ulysses S Grant,Republican,2,"['Our relations with China continue to be friendly.', 'During the past year the fear of hostilities between China and Japan, growing out of the landing of an armed force upon the island of Formosa by the latter, has occasioned uneasiness.', 'In consequence of the part taken by certain citizens of the United States in this expedition, our representatives in those countries have been instructed to impress upon the Governments of China and Japan the firm intention of this country to maintain strict neutrality in the event of hostilities, and to carefully prevent any infraction of law on the part of our citizens.']",Neutral
1875,Ulysses S Grant,Republican,0,[],NA
1876,Ulysses S Grant,Republican,0,[],NA
1877,Rutherford B Hayes,Republican,0,[],NA
1878,Rutherford B Hayes,Republican,0,[],NA
1879,Rutherford B Hayes,Republican,2,"['The attention of Congress is again invited to the subject of the indemnity funds received some years since from Japan and China, which, with their accumulated interest, now amount to considerable sums.', 'The Government of China has signified its willingness to consider the question of the emigration of its subjects to the United States with a dispassionate fairness and to cooperate in such measures as may tend to prevent injurious consequences to the United States.', 'A question having arisen between China and Japan about the Lew Chew Islands, the United States Government has taken measures to inform those powers of its readiness to extend its good offices for the maintenance of peace if they shall mutually deem it desirable and find it practicable to avail themselves of the proffer.']",Neutral
1880,Rutherford B Hayes,Republican,3,"['The provision made by Congress at its last session for the expense of the commission which had been appointed to enter upon negotiations with the Imperial Government of China on subjects of great interest to the relations of the two countries enabled the commissioners to proceed at once upon their mission.', 'In my last annual message I invited the attention of Congress to the subject of the indemnity funds received some years ago from China and Japan.', 'The full appreciation of the opportunities which our front on the Pacific Ocean gives to commerce with Japan, China, and the East Indies, with Australia and the island groups which lie along these routes of navigation, should inspire equal efforts to appropriate to our own shipping and to administer by our own capital a due proportion of this trade.']",Neutral
1881,Chester A Arthur,Republican,3,"['I am glad to inform you that the treaties lately negotiated with China have been duly ratified on both sides and the exchange made at Peking.', 'In relation both to China and Japan some changes are desirable in our present system of consular jurisdiction.', 'I renew the recommendation which has been heretofore urged by the Executive upon the attention of Congress, that after the deduction of such amount as may be found due to American citizens the balance of the indemnity funds heretofore obtained from China and Japan, and which are now in the hands of the State Department, be returned to the Governments of those countries.']",Neutral
1882,Chester A Arthur,Republican,3,"['In the interest of justice toward China and Japan, I trust that the question of the return of the indemnity fund to the Governments of those countries will reach at the present session the satisfactory solution which I have already recommended, and which has recently been foreshadowed by Congressional discussion.', 'The recent legislation restricting immigration of laborers from China has given rise to the question whether Chinese proceeding to or from another country may lawfully pass through our own.', 'New ministers from the Argentine Republic, Austria-Hungary, Brazil, Chile, China, France, Japan, Mexico, the Netherlands, and Russia have presented their credentials.']",Neutral
1883,Chester A Arthur,Republican,5,"['China, by the payment of a money indemnity, has settled certain of the long-pending claims of our citizens, and I have strong hopes that the remainder will soon be adjusted.', 'Questions have arisen touching the rights of American and other foreign manufacturers in China under the provisions of treaties which permit aliens to exercise their industries in that country.', 'While it is the duty of the Government to see that our citizens have the full enjoyment of every benefit secured by treaty, I doubt the expediency of leading in a movement to constrain China to admit an interpretation which we have only an indirect treaty right to exact.', 'The transference to China of American capital for the employment there of Chinese labor would in effect inaugurate a competition for the control of markets now supplied by our home industries.', 'There is good reason to believe that the law restricting the immigration of Chinese has been violated, intentionally or otherwise, by the officials of China upon whom is devolved the duty of certifying that the immigrants belong to the excepted classes.', 'Measures have been taken to ascertain the facts incident to this supposed infraction, and it is believed that the Government of China will cooperate with the United States in securing the faithful observance of the law.']",Neutral
1884,Chester A Arthur,Republican,3,"['The state of hostilities between France and China continues to be an embarrassing feature of our Eastern relations.', 'I renew the recommendation of my last annual message, that the Canton indemnity fund be returned to China.', 'The Government of Japan stands ready to present to us extensive grounds at Tokyo whereon to erect a suitable building for the legation, court-house, and jail, and similar privileges can probably be secured in China and Persia.']",Neutral
1885,Grover Cleveland,Democratic,7,"['The harmony of our relations with China is fully sustained.', 'The recent outbreak in Wyoming Territory, where numbers of unoffending Chinamen, indisputably within the protection of the treaties and the law, were murdered by a mob, and the still more recent threatened outbreak of the same character in Washington Territory, are fresh in the minds of all, and there is apprehension lest the bitterness of feeling against the Mongolian race on the Pacific Slope may find vent in similar lawless demonstrations.', 'All the power of this Government should be exerted to maintain the amplest good faith toward China in the treatment of these men, and the inflexible sternness of the law in bringing the wrongdoers to justice should be insisted upon.', 'Every effort has been made by this Government to prevent these violent outbreaks and to aid the representatives of China in their investigation of these outrages; and it is but just to say that they are traceable to the lawlessness of men not citizens of the United States engaged in competition with Chinese laborers.', 'Race prejudice is the chief factor in originating these disturbances, and it exists in a large part of our domain, jeopardizing our domestic peace and the good relationship we strive to maintain with China.', 'I regard with favor the application made by the Korean Government to be allowed to employ American officers as military instructors, to which the assent of Congress becomes necessary, and I am happy to say this request has the concurrent sanction of China and Japan.', 'In China the premises rented for the legation are favored as to local charges.', 'I approve the suggestion heretofore made, that, view of the conditions of life and administration in the Eastern countries, the legation buildings in China, Japan, Korea, Siam, and perhaps Persia, should be owned and furnished by the Government with a view to permanency and security.']",Neutral
1886,Grover Cleveland,Democratic,1,"['Much of this violence can be traced to race prejudice and competition of labor, which can not, however, justify the oppression of strangers whose safety is guaranteed by our treaty with China equally with the most favored nations.', 'I am not without assurance that the Government of China, whose friendly disposition toward us I am most happy to recognize, will meet us halfway in devising a comprehensive remedy by which an effective limitation of Chinese emigration, joined to protection of those Chinese subjects who remain in this country, may be secured.']",Neutral
1887,Grover Cleveland,Democratic,#N/A,[],NA
1888,Grover Cleveland,Democratic,1,"['In a message accompanying my approval, on the 1st day of October last, of a bill for the exclusion of Chinese laborers, I laid before Congress full information and all correspondence touching the negotiation of the treaty with China concluded at this capital on the 12th day of March, 1888, and which, having been confirmed by the Senate with certain amendments, was rejected by the Chinese Government.']",Neutral
1889,Benjamin Harrison,Republican,2,"['Our relations with China have the attentive consideration which their magnitude and interest demand.', 'The accession of the young Emperor of China marks, we may hope, an era of progress and prosperity for the great country over which he is called to rule.', 'Chinamen landing at Victoria find it easy to pass our border, owing to the impossibility with the force at the command of the customs officers of guarding so long an inland line.', 'The Dominion exacts a head tax of $50 for each Chinaman landed, and when these persons, in fraud of our law, cross into our territory and are apprehended our officers do not know what to do with them, as the Dominion authorities will not suffer them to be sent back without a second payment of the tax.', 'I recommend that such appropriations be made for ocean mail service in American steamships between our ports and those of Central and South America, China, Japan, and the important islands in both of the great oceans as will be liberally remunerative for the service rendered and as will encourage the establishment and in some fair degree equalize the chances of American steamship lines in the competitions which they must meet.']",Neutral
1890,Benjamin Harrison,Republican,3,"['Our relations with China, which have for several years occupied so important a place in our diplomatic history, have called for careful consideration and have been the subject of much correspondence.', 'The communications of the Chinese minister have brought into view the whole subject of our conventional relations with his country, and at the same time this Government, through its legation at Peking, has sought to arrange various matters and complaints touching the interests and protection of our citizens in China.']",Neutral
1891,Benjamin Harrison,Republican,6,"['No effort will be omitted to protect our citizens peaceably sojourning in China, but recent unofficial information indicates that what was at first regarded as an outbreak of mob violence against foreigners has assumed the larger form of an insurrection against public order.', 'The Chinese Government has declined to receive Mr. Blair as the minister of the United States on the ground that as a participant while a Senator in the enactment of the existing legislation against the introduction of Chinese laborers he has become unfriendly and objectionable to China.', 'The Dominion government collects a head tax of $50 from every Chinaman entering Canada, and thus derives a considerable revenue from those who only use its ports to reach a position of advantage to evade our exclusion laws.', 'There seems to be satisfactory evidence that the business of passing Chinamen through Canada to the United States is organized and quite active.', 'The Department of Justice has construed the laws to require the return of any Chinaman found to be unlawfully in this country to China as the country from which he came, notwithstanding the fact that he came by way of Canada; but several of the district courts have in cases brought before them overruled this view of the law and decided that such persons must be returned to Canada.', 'But the only appropriation made is for sending them back to China, and the Canadian officials refuse to allow them to reenter Canada without the payment of the fifty-dollar head tax.', 'In pursuance of the ocean mail law of March 3, 1891, and after a most careful study of the whole subject and frequent conferences with ship-owners, boards of trade, and others, advertisements were issued by the postmaster-General for 53 lines of ocean mail service-10 to Great Britain and the Continent, 27 to South America, 3 to China and Japan, 4 to Australia and the Pacific islands, 7 to the West Indies, and 2 to Mexico.']",Neutral
1892,Benjamin Harrison,Republican,3,"['The Canadian Pacific Railway brought into the United States from China and Japan via British Columbia during the year ended June 30, 1892, 23,239,689 pounds of freight, and it carried from the United States, to be shipped to China and Japan via British Columbia, 24,068,346 pounds of freight.', 'The construction of the Canadian Pacific Railway and the establishment under large subventions from Canada and England of fast steamship service from Vancouver with Japan and China seriously threaten our shipping interests in the Pacific.']",Neutral
1893,Grover Cleveland,Democratic,1,"['The legislation of last year known as the Geary law, requiring the registration of all Chinese laborers entitled to residence in the United States and the deportation of all not complying with the provisions of the act within the time prescribed, met with much opposition from Chinamen in this country.']",Neutral
1894,Grover Cleveland,Democratic,5,"['On the 17th of March last a new treaty with China in further regulation of emigration was signed at Washington, and on August 13 it received the sanction of the Senate.', 'Ratification on the part of China and formal exchange are awaited to give effect to this mutually beneficial convention.', 'Although the war between China and Japan endangers no policy of the United States, it deserves our gravest consideration by reason of its disturbance of our growing commercial interests in the two countries and the increased dangers which may result to our citizens domiciled or sojourning in the interior of China.', 'The war now in progress between China and Japan has rendered it necessary or expedient to dispatch eight vessels to those waters.']",Neutral
1895,Grover Cleveland,Democratic,7,"['The close of the momentous struggle between China and Japan, while relieving the diplomatic agents of this Government from the delicate duty they undertook at the request of both countries of rendering such service to the subjects of either belligerent within the territorial limits of the other as our neutral position permitted, developed a domestic condition in the Chinese Empire which has caused much anxiety and called for prompt and careful attention.', 'Either as a result of a weak control by the central Government over the provincial administrations, following a diminution of traditional governmental authority under the stress of an overwhelming national disaster, or as a manifestation upon good opportunity of the aversion of the Chinese population to all foreign ways and undertakings, there have occurred in widely separated provinces of China serious outbreaks of the old fanatical spirit against foreigners, which, unchecked by the local authorities, if not actually connived at by them, have culminated in mob attacks on foreign missionary stations, causing much destruction of property and attended with personal injuries as well as loss of life.', 'Although but one American citizen was reported to have been actually wounded, and although the destruction of property may have fallen more heavily upon the missionaries of other nationalities than our own, it plainly behooved this Government to take the most prompt and decided action to guard against similar or perhaps more dreadful calamities befalling the hundreds of American mission stations which have grown up throughout the interior of China under the temperate rule of toleration, custom, and imperial edict.', 'The energetic steps we have thus taken are all the more likely to result in future safety to our citizens in China because the Imperial Government is, I am persuaded, entirely convinced that we desire only the liberty and protection of our own citizens and redress for any wrongs they may have suffered, and that we have no ulterior designs or objects, political or otherwise.', 'China will not forget either our kindly service to her citizens during her late war nor the further fact that, while furnishing all the facilities at our command to further the negotiation of a peace between her and Japan, we sought no advantages and interposed no counsel.', 'The Governments of both China and Japan have, in special dispatches transmitted through their respective diplomatic representatives, expressed in a most pleasing manner their grateful appreciation of our assistance to their citizens during the unhappy struggle and of the value of our aid in paving the way to their resumption of peaceful relations.']",Neutral
1896,Grover Cleveland,Democratic,0,[],NA
1897,William Mc Kinley,Republican,0,[],NA
1898,William Mc Kinley,Republican,5,"['In this relation, as showing the volume and value of our exchanges with China and the peculiarly favorable conditions which exist for their expansion in the normal course of trade, I refer to the communication addressed to the Speaker of the House of Representatives by the Secretary of the Treasury on the 14th of last June, with its accompanying letter of the Secretary of State, recommending an appropriation for a commission to study the commercial and industrial conditions in the Chinese Empire and report as to the opportunities for and obstacles to the enlargement of markets in China for the raw products and manufactures of the United States.', 'The Cheek claim against Siam, after some five years of controversy, has been adjusted by arbitration under an agreement signed July 6, 1897, an award of 706,721 ticals (about $187,987.78 ), with release of the Cheek estate from mortgage claims, having been rendered March 21, 1898, in favor of the claimant by the arbitrator, Sir Nicholas John Hannen, British chief justice for China and Japan.']",Positive
1899,William Mc Kinley,Republican,5,"['In view of disturbances in the populous provinces of northern China, where are many of our citizens, and of the imminence of disorder near the capital and toward the seaboard, a guard of marines was landed from the Boston and stationed during last winter in the legation compound at Peking.', 'Our trade with China has continued to grow, and our commercial rights under existing treaties have been everywhere maintained during the past year, as they will be in the future.', 'In my message to Congress of December 5, 1898, I urged that the recommendation which had been made to the Speaker of the House of Representatives by the Secretary of the Treasury on the 14th of June, 1898, for an appropriation for a commission to study the commercial and industrial conditions in the Chinese Empire and report as to the opportunities for, and obstacles to, the enlargement of markets in China for the raw products and manufactures of the United States, should receive at your hands the consideration which its importance and timeliness merited, but the Congress failed to take action.']",Neutral
1900,William Mc Kinley,Republican,35,"['The recent troubles in China spring from the antiforeign agitation which for the past three years has gained strength in the northern provinces.', 'The Taiping rebellion and the opening of Chinese ports to foreign trade and settlement disturbed alike the homogeneity and the seclusion of China.', 'The increasing gravity of the conditions in China and the imminence of peril to our own diversified interests in the Empire, as well as to those of all the other treaty governments, were soon appreciated by this Government, causing it profound solicitude.', 'The United States from the earliest days of foreign intercourse with China had followed a policy of peace, omitting no occasions to testify good will, to further the extension of lawful trade, to respect the sovereignty of its Government, and to insure by all legitimate and kindly but earnest means the fullest measure of protection for the lives and property of our law-abiding citizens and for the exercise of their beneficent callings among the Chinese people.', 'Mindful of this, it was felt to be appropriate that our purposes should be pronounced in favor of such course as would hasten united action of the powers at Peking to promote the administrative reforms so greatly needed for strengthening the Imperial Government and maintaining the integrity of China, in which we believed the whole western world to be alike concerned.', 'To these ends I caused to be addressed to the several powers occupying territory and maintaining spheres of influence in China the circular proposals of 1899, inviting from them declarations of their intentions and views as to the desirability of the adoption of measures insuring the benefits of equality of treatment of all foreign trade throughout China.', 'Organized armies of Boxers, with which the Imperial forces affiliated, held the country between Peking and the coast, penetrated into Manchuria up to the Russian borders, and through their emissaries threatened a like rising throughout northern China.', 'The forts were thereupon shelled by the foreign vessels, the American admiral taking no part in the attack, on the ground that we were not at war with China and that a hostile demonstration might consolidate the antiforeign elements and strengthen the Boxers to oppose the relieving column.', 'We adhered to the legitimate office of rescuing the imperiled legation, obtaining redress for wrongs already suffered, securing wherever possible the safety of American life and property in China, and preventing a spread of the disorders or their recurrence.', 'As was then said, ""The policy of the Government of the United States is to seek a solution which may bring about permanent safety and peace to China, preserve Chinese territorial and administrative entity, protect all rights guaranteed to friendly powers by treaty and international law, and safeguard for the world the principle of equal and impartial trade with all parts of the Chinese Empire.""', 'Faithful to those professions which, as it proved, reflected the views and purposes of the other co-operating Governments, all our efforts have been directed toward ending the anomalous situation in China by negotiations for a settlement at the earliest possible moment.', ""Regarding this as the initial condition of an acceptable settlement between China and the powers, I said in my message of October 18 to the Chinese Emperor: I trust that negotiations may begin so soon as we and the other offended Governments shall be effectively satisfied of Your Majesty's ability and power to treat with just sternness the principal offenders, who are doubly culpable, not alone toward the foreigners, but toward Your Majesty, under whose rule the purpose of China to dwell in concord with the world had hitherto found expression in the welcome and protection assured to strangers."", 'Measured in money alone, a sufficient reparation may prove to be beyond the ability of China to meet.', 'I am disposed to think that due compensation may be made in part by increased guarantees of security for foreign rights and immunities, and, most important of all, by the opening of China to the equal commerce of all the world.', 'I favorably incline to this, believing that high tribunal could not fail to reach a solution no less conducive to the stability and enlarged prosperity of China itself than immediately beneficial to the powers.', 'In the treatment of the difficult Chinese problems Japan has acted in harmonious concert with the other powers, and her generous cooperation materially aided in the joint relief of the beleaguered legations in Peking and in bringing about an understanding preliminary to a settlement of the issues between the powers and China.', 'Very efficient service has been rendered by the Navy in connection with the insurrection in the Philippines and the recent disturbance in China.']",Neutral
1901,Theodore Roosevelt,Republican,16,"['Owing to the rapid growth of our power and our interests on the Pacific, whatever happens in China must be of the keenest national concern to us.', 'The general terms of the settlement of the questions growing out of the antiforeign uprisings in China of 1900, having been formulated in a joint note addressed to China by the representatives of the injured powers in December last, were promptly accepted by the Chinese Government.', 'After protracted conferences the plenipotentiaries of the several powers were able to sign a final protocol with the Chinese plenipotentiaries on the 7th of last September, setting forth the measures taken by China in compliance with the demands of the joint note, and expressing their satisfaction therewith.', 'The agreement reached disposes in a manner satisfactory to the powers of the various grounds of complaint, and will contribute materially to better future relations between China and the powers.', 'Reparation has been made by China for the murder of foreigners during the uprising and punishment has been inflicted on the officials, however high in rank, recognized as responsible for or having participated in the outbreak.', 'An edict has been issued by the Emperor of China prohibiting for two years the importation of arms and ammunition into China.', 'China has agreed to pay adequate indemnities to the states, societies, and individuals for the losses sustained by them and for the expenses of the military expeditions sent by the various powers to protect life and restore order.', 'Under the provisions of the joint note of December, 1900, China has agreed to revise the treaties of commerce and navigation and to take such other steps for the purpose of facilitating foreign trade as the foreign powers may decide to be needed.', 'The Chinese Government has agreed to participate financially in the work of bettering the water approaches to Shanghai and to Tientsin, the centers of foreign trade in central and northern China, and an international conservancy board, in which the Chinese Government is largely represented, has been provided for the improvement of the Shanghai River and the control of its navigation.', 'During these troubles our Government has unswervingly advocated moderation, and has materially aided in bringing about an adjustment which tends to enhance the welfare of China and to lead to a more beneficial intercourse between the Empire and the modern world; while in the critical period of revolt and massacre we did our full share in safe-guarding life and property, restoring order, and vindicating the national interest and honor.', 'It behooves us to continue in these paths, doing what lies in our power to foster feelings of good will, and leaving no effort untried to work out the great policy of full and fair intercourse between China and the nations, on a footing of equal rights and advantages to all.', 'We advocate the ""open door"" with all that it implies; not merely the procurement of enlarged commercial opportunities on the coasts, but access to the interior by the waterways with which China has been so extraordinarily favored.', 'Only by bringing the people of China into peaceful and friendly community of trade with all the peoples of the earth can the work now auspiciously begun be carried to fruition.']",Neutral
1902,Theodore Roosevelt,Republican,3,"[""This was deemed proper, especially as it was clear that a cable connection of some kind with China, a foreign country, was a part of the company's plan."", 'These conditions prescribed, among other things, a maximum rate for commercial messages and that the company should construct a line from the Philippine Islands to China, there being at present, as is well known, a British line from Manila to Hongkong.']",Neutral
1903,Theodore Roosevelt,Republican,2,"['During the last session of the Congress at the suggestion of a joint note from the Republic of Mexico and the Imperial Government of China, and in harmony with an act of the Congress appropriating $25,000 to pay the expenses thereof, a commission was appointed to confer with the principal European countries in the hope that some plan might be devised whereby a fixed rate of exchange could be assured between the gold-standard countries and the silver-standard countries.', 'The signing of a new commercial treaty with China, which took place at Shanghai on the 8th of October, is a cause for satisfaction.', 'Larger facilities are to be given to our citizens who desire to carry on mining enterprises in China.', 'And, what was an indispensable condition for the advance and development of our commerce in Manchuria, China, by treaty with us, has opened to foreign commerce the cities of Mukden, the capital of the province of Manchuria, and An-tung, an important port on the Yalu River, on the road to Korea.']",Neutral
1904,Theodore Roosevelt,Republican,5,"['The enemy of the San Jose scale was found near the Great Wall of China, and is now cleaning up all our orchards.', 'In his message of 1898 he stated: ""In this relation, as showing the peculiar volume and value of our trade with China and the peculiarly favorable conditions which exist for their expansion in the normal course of trade, I refer to the communication addressed to the Speaker of the House of Representatives by the Secretary of the Treasury on the 14th of last June, with its accompanying letter of the Secretary of State, recommending an appropriation for a commission to study the industrial and commercial conditions in the Chinese Empire and to report as to the opportunities for and the obstacles to the enlargement of markets in China for the raw products and manufactures of the United States.', 'Our consular representatives in China have strongly urged a place for permanent display of American products in some prominent trade center of that Empire, under Government control and management, as an effective means of advancing our export trade therein.', 'In asserting the Monroe Doctrine, in taking such steps as we have taken in regard to Cuba, Venezuela, and Panama, and in endeavoring to circumscribe the theater of war in the Far East, and to secure the open door in China, we have acted in our own interest as well as in the interest of humanity at large.']",Neutral
1905,Theodore Roosevelt,Republican,11,"['The conditions in China are such that the entire Chinese coolie class, that is, the class of Chinese laborers, skilled and unskilled, legitimately come under the head of undesirable immigrants to this country, because of their numbers, the low wages for which they work, and their low standard of living.', 'But in the effort to carry out the policy of excluding Chinese laborers, Chinese coolies, grave injustice and wrong have been done by this Nation to the people of China, and therefore ultimately to this Nation itself.', 'Examinations should be completed at the port of departure from China.', 'For this purpose there should be provided a more adequate Consular Service in China than we now have.', 'As a people we have talked much of the open door in China, and we expect, and quite rightly intend to insist upon, justice being shown us by the Chinese.', 'But we must treat the Chinese student, traveler, and business man in a spirit of the broadest justice and courtesy if we expect similar treatment to be accorded to our own people of similar rank who go to China.', 'Much trouble has come during the past Summer from the organized boycott against American goods which has been started in China.', 'The main factor in producing this boycott has been the resentment felt by the students and business people of China, by all the Chinese leaders, against the harshness of our law toward educated Chinamen of the professional and business classes.', ""This Government has the friendliest feeling for China and desires China's well-being."", 'We cordially sympathize with the announced purpose of Japan to stand for the integrity of China.']",Neutral
1906,Theodore Roosevelt,Republican,0,[],NA
1907,Theodore Roosevelt,Republican,7,"['There never has been any other large nation, not even China, which for so long a period has had relatively to its numbers so small a regular army as has ours.', 'I ask for authority to reform the agreement with China under which the indemnity of 1900 was fixed, by remitting and cancelling the obligation of China for the payment of all that part of the stipulated indemnity which is in excess of the sum of eleven million, six hundred and fifty-five thousand, four hundred and ninety-two dollars and sixty-nine cents, and interest at four per cent.', 'After the rescue of the foreign legations in Peking during the Boxer troubles in 1900 the Powers required from China the payment of equitable indemnities to the several nations, and the final protocol under which the troops were withdrawn, signed at Peking, September 7, 1901, fixed the amount of this indemnity allotted to the United States at over $20,000,000, and China paid, up to and including the 1st day of June last, a little over $6,000,000.', 'It was the first intention of this Government at the proper time, when all claims had been presented and all expenses ascertained as fully as possible, to revise the estimates and account, and as a proof of sincere friendship for China voluntarily to release that country from its legal liability for all payments in excess of the sum which should prove to be necessary for actual indemnity to the United States and its citizens.', 'This Nation should help in every practicable way in the education of the Chinese people, so that the vast and populous Empire of China may gradually adapt itself to modern conditions.']",Neutral
1908,Theodore Roosevelt,Republican,13,"['A recent investigation into conditions in North China by Mr. Frank N. Meyer, of the Bureau of Plant Industry of the United States Department of Agriculture, has incidentally furnished in very striking fashion proof of the ruin that comes from reckless deforestation of mountains, and of the further fact that the damage once done may prove practically irreparable.', 'So important are these investigations that I herewith attach as an appendix to my message certain photographs showing present conditions in China.', 'Not many centuries ago the country of northern China was one of the most fertile and beautiful spots in the entire world, and was heavily forested.', 'The lesson of deforestation in China is a lesson which mankind should have learned many times already from what has occurred in other places.', 'This ruthless destruction of the forests in northern China has brought about, or has aided in bringing about, desolation, just as the destruction of the forests in central Asia aid in bringing ruin to the once rich central Asian cities; just as the destruction of the forest in northern Africa helped towards the ruin of a region that was a fertile granary in Roman days.', 'In northern China the mountains are now such as are shown by the accompanying photographs, absolutely barren peaks.', 'In consequence the Mongol Desert is practically extending eastward over northern China.', 'In consequence, instead of the regular and plentiful rains which existed in these regions of China when the forests were still in evidence, the unfortunate inhabitants of the deforested lands now see their crops wither for lack of rainfall, while the seasons grow more and more irregular; and as the air becomes dryer certain crops refuse longer to grow at all.', 'The sand and stones from the mountain sides are washed loose and come rolling down to cover the arable lands, and in consequence, throughout this part of China, many formerly rich districts are now sandy wastes, useless for human cultivation and even for pasture.', 'There is testimony that even within the memory of men now living there has been a serious diminution of the rainfall of northeastern China.', 'Almost all the rivers of northern China have become uncontrollable, and very dangerous to the dwellers along their banks, as a direct result of the destruction of the forests.', 'In northern China this disastrous process has gone on so long and has proceeded so far that no complete remedy could be applied.', 'There are certain mountains in China from which the soil is gone so utterly that only the slow action of the ages could again restore it; although of course much could be done to prevent the still further eastward extension of the Mongolian Desert if the Chinese Government would act at once.', 'What has thus happened in northern China, what has happened in Central Asia, in Palestine, in North Africa, in parts of the Mediterranean countries of Europe, will surely happen in our country if we do not exercise that wise forethought which should be one of the chief marks of any people calling itself civilized.']",Neutral
1909,William H Taft,Republican,8,"['By the Treaty of 1903 China has undertaken the abolition of likin with a moderate and proportionate raising of the customs tariff along with currency reform.', 'These reforms being of manifest advantage to foreign commerce as well as to the interests of China, this Government is endeavoring to facilitate these measures and the needful acquiescence of the treaty Powers.', 'When it appeared that Chinese likin revenues were to be hypothecated to foreign bankers in connection with a great railway project, it was obvious that the Governments whose nationals held this loan would have a certain direct interest in the question of the carrying out by China of the reforms in question.', 'Because this railroad loan represented a practical and real application of the open door policy through cooperation with China by interested Powers as well as because of its relations to the reforms referred to above, the Administration deemed American participation to be of great national interest.', 'The report shows that China is making remarkable progress and admirable efforts toward the eradication of the opium evil and that the Governments concerned have not allowed their commercial interests to interfere with a helpful cooperation in this reform.', 'In one of the Chinese-Japanese Conventions of September 4 of this year there was a provision which caused considerable public apprehension in that upon its face it was believed in some quarters to seek to establish a monopoly of mining privileges along the South Manchurian and Antung-Mukden Railroads, and thus to exclude Americans from a wide field of enterprise, to take part in which they were by treaty with China entitled.', 'China, Japan, and the Philippines.']",Neutral
1910,William H Taft,Republican,20,"['The center of interest in Far Eastern affairs during the past year has again been China.', 'The application of the principle underlying the policy of the United States in regard to the Hukuang Loan, viz., that of the internationalization of the foreign interest in such of the railways of China as may be financed by foreign countries, was suggested on a broader scale by the Secretary of State in a proposal for internationalization and commercial neutralization of all the railways of Manchuria.', 'The question of constructing the Chinchow-Aigun railway by means of an international loan to China is, however, still the subject of friendly discussion by the interested parties.', ""The policy of this Government in these matters has been directed by a desire to make the use of American capital in the development of China an instrument in the promotion of China's welfare and material prosperity without prejudice to her legitimate rights as an independent political power."", 'This policy has recently found further exemplification in the assistance given by this Government to the negotiations between China and a group of American bankers for a loan of $50,000,000 to be employed chiefly in currency reform.', 'The United States in its Treaty of 1903 with China obtained a pledge from the latter to introduce a uniform national coinage, and the following year, at the request of China, this Government sent to Peking a member of the International Exchange Commission, to discuss with the Chinese Government the best methods of introducing the reform.', 'In 1908 China sent a Commissioner to the United States to consult with American financiers as to the possibility of securing a large loan with which to inaugurate the new currency system, but the death of Their Majesties, the Empress Dowager and the Emperor of China, interrupted the negotiations, which were not resumed until a few months ago, when this Government was asked to communicate to the bankers concerned the request of China for a loan of $50,000,000 for the purpose under review.', 'A preliminary agreement between the American group and China has been made covering the loan.', 'For the success of this loan and the contemplated reforms which are of the greatest importance to the commercial interests of the United States and the civilized world at large, it is realized that an expert will be necessary, and this Government has received assurances from China that such an adviser, who shall be an American, will be engaged.', 'It is a matter of interest to Americans to note the success which is attending the efforts of China to establish gradually a system of representative government.', 'In the Russo-Japanese Agreement relating to Manchuria, signed July 4, 1910, this Government was gratified to note an assurance of continued peaceful conditions in that region and the reaffirmation of the policies with respect to China to which the United States together with all other interested powers are alike solemnly committed.', 'Chief among these were Their Imperial Highnesses Princes Tsai-tao and Tsai-Hsun of China; and His Imperial Highness Prince Higashi Fushimi, and Prince Tokugawa, President of the House of Peers of Japan.', 'The Secretary of War has recently visited Japan and China in connection with his tour to the Philippines, and a large delegation of American business men are at present traveling in China.']",Neutral
1911,William H Taft,Republican,12,"['The past year has been marked in our relations with China by the conclusion of two important international loans, one for the construction of the Hukuang railways, the other for carrying out of the currency reform to which China was pledged by treaties with the United States, Great Britain, and Japan, of which mention was made in my last annual message.', 'Thereupon the financial groups, supported by their respective Governments, began negotiations with the Chinese Government which terminated in a loan to China Of $30,000,000, with the privilege of increasing the amount to $50,000,000.', 'The cooperative construction of these trunk lines should be of immense advantage, materially and otherwise, to China and should greatly facilitate the development of the bountiful resources of the Empire.', 'While this was originally to be solely an American enterprise, the American Government, consistently with its desire to secure a sympathetic and practical cooperation of the great powers toward maintaining the principle of equality of opportunity and the administrative integrity of China, urged the Chinese Government to admit to participation in the currency loan the associates of the American group in the Hukuang loan.', 'While of immense importance in itself, the reform contemplated in making this loan is but preliminary to other and more comprehensive fiscal reforms which will be of incalculable benefit to China and foreign interests alike, since they will strengthen the Chinese Empire and promote the rapid development of international trade.', 'When these negotiations were begun, it was understood that a financial adviser was to be employed by China in connection with the reform, and in order that absolute equality in all respects among the lending nations might be scrupulously observed, the American Government proposed the nomination of a neutral adviser, which was agreed to by China and the other Governments concerned.', 'In a special message transmitted to the Congress on the 11th of January, 1911, in which I concurred in the recommendations made by the Secretary of State in regard to certain needful legislation for the control of our interstate and foreign traffic in opium and other menacing drugs, I quoted from my annual message of December 7, 1909, in which I announced that the results of the International Opium Commission held at Shanghai in February, 1909, at the invitation of the United States, had been laid before this Government; that the report of that commission showed that China was making remarkable progress and admirable efforts toward the eradication of the opium evil; that the interested governments had not permitted their commercial interests to prevent their cooperation in this reform; and, as a result of collateral investigations of the opium question in this country, I recommended that the manufacture, sale, and use of opium in the United States should be more rigorously controlled by legislation.']",Neutral
1912,William H Taft,Republican,13,"['In the recent civil war in China the United States successfully joined with the other interested powers in urging an early cessation of hostilities.', 'CHINA In China the policy of encouraging financial investment to enable that country to help itself has had the result of giving new life and practical application to the open-door policy.', 'The consistent purpose of the present administration has been to encourage the use of American capital in the development of China by the promotion of those essential reforms to which China is pledged by treaties with the United States and other powers.', 'The same policy of promoting international accord among the powers having similar treaty rights as ourselves in the matters of reform, which could not be put into practical effect without the common consent of all, was likewise adopted in the case of the loan desired by China for the reform of its currency.', 'THE FAR EAST The political disturbances in China in the autumn and winter of 1911-12 resulted in the abdication of the Manchu rulers on February 12, followed by the formation of a provisional republican government empowered to conduct the affairs of the nation until a permanent government might be regularly established.', 'A constituent assembly, composed of representatives duly chosen by the people of China in the elections that are now being held, has been called to meet in January next to adopt a permanent constitution and organize the Government of the nascent Republic.', 'From the beginning of the upheaval last autumn it was felt by the United States, in common with the other powers having large interests in China, that independent action by the foreign Governments in their own individual interests would add further confusion to a situation already complicated.', ""As soon, however, as a united provisional Government of China was assured, the United States joined in a favorable consideration of that Government's request for advances needed for immediate administrative necessities and later for a loan to effect a permanent national reorganization."", ""The interested Governments had already, by common consent, adopted, in respect to the purposes, expenditure, and security of any loans to China made by their nationals, certain conditions which were held to be essential, not only to secure reasonable protection for the foreign investors, but also to safeguard and strengthen China's credit by discouraging indiscriminate borrowing and by insuring the application of the funds toward the establishment of the stable and effective government necessary to China's welfare."", 'In June last representative banking groups of the United States, France, Germany, Great Britain, Japan, and Russia formulated, with the general sanction of their respective Governments, the guaranties that would be expected in relation to the expenditure and security of the large reorganization loan desired by China, which, however, have thus far proved unacceptable to the provisional Government.']",Neutral
1913,Woodrow Wilson,Democratic,0,[],NA
1914,Woodrow Wilson,Democratic,0,[],NA
1915,Woodrow Wilson,Democratic,0,[],NA
1916,Woodrow Wilson,Democratic,0,[],NA
1917,Woodrow Wilson,Democratic,0,[],NA
1918,Woodrow Wilson,Democratic,0,[],NA
1919,Woodrow Wilson,Democratic,0,[],NA
1920,Woodrow Wilson,Democratic,0,[],NA
1921,Warren G Harding,Republican,0,[],NA
1922,Warren G Harding,Republican,0,[],NA
1923,Calvin Coolidge,Republican,0,[],NA
1924,Calvin Coolidge,Republican,0,[],NA
1925,Calvin Coolidge,Republican,1,"['In accordance with promises made at the Washington Conference, we have urged the calling of and are now represented at the Chinese Customs Conference and on the Commission on Extraterritoriality, where it will be our policy so far as possible to meet the, aspirations of China in all ways consistent with the interests of the countries involved.']",Neutral
1926,Calvin Coolidge,Republican,6,"[""We participated in this conference through fully empowered delegates and, with good will, endeavored to cooperate with the other participating powers with a view to putting into effect promises made to China at the Washington conference, and considering any reasonable proposal that might be made by the Chinese Government for the revision of the treaties on the subject of China's tariff."", 'With these aims in view the American delegation at the outset of the conference proposed to put into effect the surtaxes provided for by the Washington treaty and to proceed immediately to the negotiation of a treaty, which, among other things, was to make provision for the abolition of taxes collected on goods in transit, remove the tariff restrictions in existing treaties, and put into effect the national tariff law of China.', 'Silas H. Strawn, Esq., was sent to China as American commissioner to cooperate with commissioners of the other powers in the establishment of a commission to inquire into the present practice of extraterritorial jurisdiction in China, with a view to reporting to the Governments of the several powers their findings of fact in regard to these matters.', ""The commission's report has been received and is being studied with a view to determining our future policy in regard to the question of extraterritorial privileges under treaties between the United States and China.""]",Neutral
1927,Calvin Coolidge,Republican,2,"['We have been compelled to send naval and marine forces to China to protect the lives and property of our citizens.', 'Meanwhile we are protecting our citizens and stand ready to cooperate with any government which may emerge in promoting the welfare of the people of China.']",Neutral
1928,Calvin Coolidge,Republican,2,"['CHINA The situation in China which a few months ago was so threatening as to call for the dispatch of a large additional force has, been much composed.', 'We have recognized this Government, encouraged its progress, and have negotiated a treaty restoring to China complete tariff autonomy and guaranteeing our citizens against discriminations.']",Neutral
1929,Herbert Hoover,Republican,2,"['We still have marines on foreign soil-in Nicaragua, Haiti, and China.', 'Our forces in China constitute 2,605 men, which we hope also further to reduce to the normal legation guard.']",Neutral
1930,Herbert Hoover,Republican,0,[],NA
1931,Herbert Hoover,Republican,2,"['The difficulties between China and Japan have given us great concern, not alone for the maintenance of the spirit of the Kellogg-Briand Pact, but for the maintenance of the treaties to which we are a party assuring the territorial integrity of China.']",Neutral
1932,Herbert Hoover,Republican,0,[],NA
1934,Franklin D Roosevelt,Democratic,0,[],NA
1935,Franklin D Roosevelt,Democratic,0,[],NA
1936,Franklin D Roosevelt,Democratic,0,[],NA
1937,Franklin D Roosevelt,Democratic,0,[],NA
1938,Franklin D Roosevelt,Democratic,0,[],NA
1939,Franklin D Roosevelt,Democratic,0,[],NA
1940,Franklin D Roosevelt,Democratic,0,[],NA
1941,Franklin D Roosevelt,Democratic,0,[],NA
1942,Franklin D Roosevelt,Democratic,5,"['The development of this ambitious conspiracy was marked by the war against China in 1894; the subsequent occupation of Korea; the war against Russia in 1904; the illegal fortification of the mandated Pacific islands following 1920; the seizure of Manchuria in 1931; and the invasion of China in 1937.', ""Under this, in addition to her own schemes of conquest, Japan's role was obviously to cut off our supply of weapons of war to Britain, and Russia and China-weapons which increasingly were speeding the day of Hitler's doom."", 'They would wreck the power of the British Commonwealth and Russia and China and the Netherlands-and then combine all their forces to achieve their ultimate goal, the conquest of the United States.', 'We are fighting on the same side as the brave people of China-those millions who for four and a half long years have withstood bombs and starvation and have whipped the invaders time and again in spite of the superior Japanese equipment and arms.']",Neutral
1943,Franklin D Roosevelt,Democratic,5,"['And in the attacks against Japan, we shall be joined with the heroic people of China-that great people whose ideals of peace are so closely akin to our own.', 'Even today we are flying as much lend-lease material into China as ever traversed the Burma Road, flying it over mountains 17,000 feet high, flying blind through sleet and snow.', 'We shall overcome all the formidable obstacles, and get the battle equipment into China to shatter the power of our common enemy.', 'From this war, China will realize the security, the prosperity and the dignity, which Japan has sought so ruthlessly to destroy.', 'We pay great tribute-the tribute of the United States of America-to the fighting men of Russia and China and Britain and the various members of the British Commonwealth-the millions of men who through the years of this war have fought our common enemies, and have denied to them the world conquest which they sought.']",Neutral
1944,Franklin D Roosevelt,Democratic,1,"['China and Russia are truly united with Britain and America in recognition of this essential fact: The best interests of each Nation, large and small, demand that all freedom-loving Nations shall join together in a just and durable system of peace.']",Neutral
1945,Franklin D Roosevelt,Democratic,6,"['As a result of that battle, much of what is left of the Japanese Fleet has been driven behind the screen of islands that separates the Yellow Sea, the China Sea, and the Sea of Japan from the Pacific.', 'Last September Admiral Halsey led American naval task forces into Philippine waters and north to the East China Sea, and struck heavy blows at Japanese air and sea power.', 'Our over-all strategy has not neglected the important task of rendering all possible aid to China.', 'At present our aid to China must be accomplished by air transport-there is no other way.', 'By the end of 1944, the Air Transport Command was carrying into China a tonnage of supplies three times as great as that delivered a year ago, and much more, each month, than the Burma Road ever delivered at its peak.', ""Despite the loss of important bases in China, the tonnage delivered by air transport has enabled General Chennault's Fourteenth Air Force, which includes many Chinese flyers, to wage an effective and aggressive campaign against the Japanese."", 'In 1944 aircraft of the Fourteenth Air Force flew more than 35,000 sorties against the Japanese and sank enormous tonnage of enemy shipping, greatly diminishing the usefulness of the China Sea lanes.', 'British, Dominion, and Chinese forces together with our own have not only held the line in Burma against determined Japanese attacks but have gained bases of considerable importance to the supply line into China.', 'Here, as in England; in England, as in Russia; in Russia, as in China; in France, and through the continent of Europe, and throughout the world; wherever men love freedom, the hope and purpose of the people are for peace-a peace that is durable and secure.']",Neutral
1946,Harry S Truman,Democratic,3,"['The Soviet Union, France, and China have joined us in the purpose of introducing in the General Assembly a resolution for the establishment of such a commission.', 'Our basic policy in the Far East is to encourage the development of a strong, independent, united, and democratic China.', 'In accordance with the intentions of the Congress, lend-lease, except as to continuing military lend-lease in China, was terminated upon the surrender of Japan.']",Neutral
1947,Harry S Truman,Democratic,0,[],NA
1948,Harry S Truman,Democratic,1,"['A special program of assistance to China, to provide urgent relief needs and to speed reconstruction, will be submitted to the Congress.']",Neutral
1949,Harry S Truman,Democratic,0,[],NA
1950,Harry S Truman,Democratic,0,[],NA
1951,Harry S Truman,Democratic,2,"['If their efforts are successful, they foment a revolution, as they did in Czechoslovakia and China, and as they tried, unsuccessfully, to do in Greece.', 'We have demonstrated it in our relations with Indonesia, India, and with China.']",Neutral
1952,Harry S Truman,Democratic,0,[],NA
1953,Harry S Truman,Democratic,6,"['Beyond its borders, East and West, are the nearly five million square miles of the satellite states-virtually incorporated into the Soviet Union-and of China, now its close partner.', 'The Soviet Union, with its satellites, and China are held in the tight grip of communist party chieftains.', 'Where conditions permitted, the Soviet rulers have stimulated and aided armed insurrection by communist-led revolutionary forces, as in Greece, Indo-China, the Philippines, and China, or outright aggression by one of their satellites, as in Korea.', 'Here, in spite of outside aid and support, the free government of China succumbed to the communist assault.', 'In other areas of the Far East-in Indo-China, Malaya, and the Philippines-our assistance has helped sustain a staunch resistance against communist insurrectionary attacks.', 'Just in the years I have been President, 12 free nations, with more than 600 million people, have become independent: Burma, Indonesia, the Philippines, Korea, Israel, Libya, India, Pakistan and Ceylon, and the three Associated States of Indo-China, now members of the French Union.']",Neutral
1953,Dwight D Eisenhower,Republican,6,"['This has meant, in effect, that the United States Navy was required to serve as a defensive arm of Communist China.', 'I am, therefore, issuing instructions that the Seventh Fleet no longer be employed to shield Communist China.']",Neutral
1954,Dwight D Eisenhower,Republican,2,"['We shall also continue military and economic aid to the Nationalist Government of China.', 'They provide an inspiring contrast to the dictatorial methods and backward course of events in Communist China.']",Neutral
1955,Dwight D Eisenhower,Republican,2,"['In Asia and the Pacific, the pending Manila Pact supplements our treaties with Australia, New Zealand, the Philippines, Korea and Japan and our prospective treaty with the Republic of China.', 'At this very moment, by vote of the United Nations General Assembly, its Secretary-General is in Communist China on a mission of deepest concern to all Americans: seeking the release of our never-to-be-forgotten American aviators and all other United Nations prisoners wrongfully detained by the Communist regime.']",Negative
1956,Dwight D Eisenhower,Republican,1,"['In the release of our fifteen fliers from Communist China, an essential prelude was the world opinion mobilized by the General Assembly, which condemned their imprisonment and demanded their liberation.']",Neutral
1957,Dwight D Eisenhower,Republican,0,[],NA
1958,Dwight D Eisenhower,Republican,0,[],NA
1959,Dwight D Eisenhower,Republican,0,[],NA
1960,Dwight D Eisenhower,Republican,0,[],NA
1961,John F Kennedy,Democratic,3,['Our greatest challenge is still the world that lies beyond the Cold War-but the first great obstacle is still our relations with the Soviet Union and Communist China.'],Negative
1961,Dwight D Eisenhower,Republican,3,"['In 1958 our support of the Republic of China during the all-out bombardment of Quemoy restrained the Communist Chinese from attempting to invade the off-shore islands.', 'This country has continued to withhold recognition of Communist China and to oppose vigorously the admission of this belligerent and unrepentant nation into the United Nations.', 'Red China has yet to demonstrate that it deserves to be considered a ""peace-loving"" nation.']",Neutral
1962,John F Kennedy,Democratic,1,"['And those who preferred or predicted its demise, envisioning a troika in the seat of Hammarskjold-or Red China inside the Assembly-have seen instead a new vigor, under a new Secretary General and a fully independent Secretariat.']",Neutral
1963,John F Kennedy,Democratic,1,"['Dangerous problems remain from Cuba to the South China Sea.', ""They were shocked by the Soviets' sudden and secret attempt to transform Cuba into a nuclear striking base-and by Communist China's arrogant invasion of India.""]",Neutral
1964,Lyndon B Johnson,Democratic,0,[],NA
1965,Lyndon B Johnson,Democratic,0,[],NA
1966,Lyndon B Johnson,Democratic,0,['In recent months a number of nations have east out those who would subject them to the ambitions of mainland China.'],Neutral
1967,Lyndon B Johnson,Democratic,1,"['We shall continue to hope for a reconciliation between the people of Mainland China and the world community-including working together in all the tasks of arms control, security, and progress on which the fate of the Chinese people, like their fellow men elsewhere, depends.', ""We would be the first to welcome a China which decided to respect her neighbors' rights.""]",Neutral
1968,Lyndon B Johnson,Democratic,1,['-Turmoil continues on the mainland of China after a year of violent disruption.'],Neutral
1969,Lyndon B Johnson,Democratic,0,[],NA
1970,Richard Nixon,Republican,1,['It is with this same spirit that we have resumed discussions with Communist China in our talks at Warsaw.'],Neutral
1971,Richard Nixon,Republican,0,[],NA
1972,Richard Nixon,Republican,1,"[""As you know, I will soon be visiting the People's Republic of China and the Soviet Union.""]",Neutral
1973,Richard Nixon,Republican,0,[],NA
1974,Richard Nixon,Republican,1,"[""We were in hostile isolation from a quarter of the world's people who lived in Mainland China."", ""With the People's Republic of China after a generation of hostile isolation, we have begun a period of peaceful exchange and expanding trade.""]",Positive
1975,Gerald R Ford,Republican,1,"['The Berlin agreement, the SALT agreements, our new relationship with China, the unprecedented efforts in the Middle East are immensely encouraging.']",Neutral
1976,Gerald R Ford,Republican,1,"[""We have an improving relationship with China, the world's most populous nation.""]",Neutral
1977,Gerald R Ford,Republican,1,"[""Our relationship with the People's Republic of China is proving its importance and its durability.""]",Neutral
1978,Jimmy Carter,Democratic,0,[],NA
1979,Jimmy Carter,Democratic,1,"[""We are entering a hopeful era in our relations with one-fourth of the world's people who live in China.""]",Neutral
1980,Jimmy Carter,Democratic,1,"[""Our decision to normalize relations with the People's Republic of China will help to preserve peace and stability in Asia and in the Western Pacific.""]",Neutral
1981,Jimmy Carter,Democratic,8,"[""In pursuit of this objective, I signed into law the Controlled Carrier Act of 1978, authorizing the Federal Maritime Commission to regulate certain rate cutting practices of some state-controlled carriers, and recently signed a bilateral maritime agreement with the People's Republic of China that will expand the access of American ships to 20 specified Chinese ports, and set aside for American-flag ships a substantial share (at least one-third) of the cargo between our countries."", ""For these reasons, scientific and technological considerations have been integral elements of the Administration's decision-making on such national security and foreign policy issues as the modernization of our strategic weaponry, arms control, technology transfer, the growing bilateral relationship with China, and our relations with the developing world."", 'We have given special attention to scientific and technical relations with China, to new forms of scientific and technical cooperation with Japan, to cooperation with Mexico, other Latin American and Caribbean countries and several states in Black America, and to the proposed Institute for Scientific and Technological Cooperation.', '-Our relations with China are growing closer, providing a major new dimension in our policy in Asia and the world.', ""Normalization of U.S. relations with China has facilitated China's full entry into the international community and encouraged a constructive Chinese role in the Asia-Pacific region."", 'Our relations with China have been rapidly consolidated over the past year through the conclusion of a series of bilateral agreements.']",Neutral
1982,Ronald Reagan,Republican,0,[],NA
1983,Ronald Reagan,Republican,0,[],NA
1984,Ronald Reagan,Republican,0,[],NA
1985,Ronald Reagan,Republican,1,['And now China is opening up its economy to meet its needs.'],Neutral
1986,Ronald Reagan,Republican,0,[],NA
1987,Ronald Reagan,Republican,0,[],NA
1988,Ronald Reagan,Republican,0,[],NA
1989,George Bush,Republican,1,"[""When I served as our representative in China 14 or 15 years ago, few would have predicted the scope of the changes we've witnessed since then.""]",Neutral
1990,George Bush,Republican,0,[],NA
1991,George Bush,Republican,0,[],NA
1992,George Bush,Republican,0,[],NA
1993,William J Clinton,Democratic,0,[],NA
1994,William J Clinton,Democratic,1,"[""And as we build a more constructive relationship with China, we must continue to insist on clear signs of improvement in that nation's human rights record.""]",Neutral
1995,William J Clinton,Democratic,0,[],NA
1996,William J Clinton,Democratic,0,[],NA
1997,William J Clinton,Democratic,6,"['We must pursue a deeper dialog with China for the sake of our interests and our ideals.', 'An isolated China is not good for America; a China playing its proper role in the world is.', ""I will go to China, and I have invited China's President to come here, not because we agree on everything but because engaging China is the best way to work on our common challenges like ending nuclear testing and to deal frankly with our fundamental differences like human rights.""]",Neutral
1998,William J Clinton,Democratic,1,"['In the months ahead, I will pursue our security strategy with old allies in Asia and Europe and new partners from Africa to India and Pakistan, from South America to China.']",Neutral
1999,William J Clinton,Democratic,5,"['We must continue to support security and stability in Europe and Asia, expanding NATO and defining its new missions, maintaining our alliance with Japan, with Korea, with our other Asian allies, and engaging China.', ""In China, last year, I said to the leaders and the people what I'd like to say again tonight: Stability can no longer be bought at the expense of liberty."", ""But I'd also like to say again to the American people: It's important not to isolate China."", 'The more we bring China into the world, the more the world will bring change and freedom to China.']",Negative
2000,William J Clinton,Democratic,9,"['First, we must continue to encourage our former adversaries, Russia and China, to emerge as stable, prosperous, democratic nations.', 'Both are being held back today from reaching their full potential: Russia by the legacy of communism, an economy in turmoil, a cruel and self-defeating war in Chechnya; China by the illusion that it can buy stability at the expense of freedom.', 'But think how much has changed in the past decade: 5,000 former Soviet nuclear weapons taken out of commission; Russian soldiers actually serving with ours in the Balkans; Russian people electing their leaders for the first time in 1,000 years; and in China, an economy more open to the world than ever before.', ""And that's why I believe Congress should support the agreement we negotiated to bring China into the WTO, by passing permanent normal trade relations with China as soon as possible this year."", ""I think you ought to do it for two reasons: First of all, our markets are already open to China; this agreement will open China's markets to us."", 'And second, it will plainly advance the cause of peace in Asia and promote the cause of change in China.', 'But when all is said and done, we need to know we did everything we possibly could to maximize the chance that China will choose the right future.']",Neutral
2001,George W Bush,Republican,0,[],NA
2002,George W Bush,Republican,1,"['America is working with Russia and China and India, in ways we have never before, to achieve peace and prosperity.']",Neutral
2003,George W Bush,Republican,1,"['America is working with the countries of the region, South Korea, Japan, China, and Russia, to find a peaceful solution and to show the North Korean Government that nuclear weapons will bring only isolation, economic stagnation, and continued hardship.']",Neutral
2004,George W Bush,Republican,0,[],NA
2005,George W Bush,Republican,0,[],NA
2006,George W Bush,Republican,1,"[""In a dynamic world economy, we are seeing new competitors like China and India, and this creates uncertainty, which makes it easier to feed people's fears.""]",Neutral
2007,George W Bush,Republican,1,"[""Together with our partners in China and Japan, Russia and South Korea, we're pursuing intensive diplomacy to achieve a Korean Peninsula free of nuclear weapons.""]",Neutral
2008,George W Bush,Republican,1,"['Let us create a new international clean technology fund, which will help developing nations like India and China make a greater use of clean energy sources.']",Neutral
2009,Barack Obama,Democratic,1,"['And yet, it is China that has launched the largest effort in history to make their economy energy efficient.']",Neutral
2010,Barack Obama,Democratic,2,"[""There's no reason Europe or China should have the fastest trains or the new factories that manufacture clean energy products."", ""Meanwhile, China's not waiting to revamp its economy.""]",Neutral
2011,Barack Obama,Democratic,4,"['Meanwhile, nations like China and India realized that with some changes of their own, they could compete in this new world.', ""Just recently, China became the home to the world's largest private solar research facility and the world's fastest computer."", 'China is building faster trains and newer airports.', 'Recently, we signed agreements with India and China that will support more than 250,000 jobs here in the United States.']",Neutral
2012,Barack Obama,Democratic,4,"[""But right now it's getting more expensive to do business in places like China."", ""We've brought trade cases against China at nearly twice the rate as the last administration, and it's made a difference."", ""Tonight I'm announcing the creation of a trade enforcement unit that will be charged with investigating unfair trading practices in countries like China."", 'I will not cede the wind or solar or battery industry to China or Germany because we refuse to make the same commitment here.']",Negative
2013,Barack Obama,Democratic,1,"['As long as countries like China keep going all in on clean energy, so must we.']",Neutral
2014,Barack Obama,Democratic,1,"[""And for the first time in over a decade, business leaders around the world have declared that China is no longer the world's number-one place to invest, America is."", 'We need to work together on tools like bipartisan trade promotion authority to protect our workers, protect our environment, and open new markets to new goods stamped ""Made in the U.S.A."" Listen, China and Europe aren\'t standing on the sidelines, and neither should we.']",Neutral
2015,Barack Obama,Democratic,3,"[""But as we speak, China wants to write the rules for the world's fastest-growing region."", ""More than half of manufacturing executives have said they're actively looking at bringing jobs back from China."", 'In Beijing, we made an historic announcement -- the United States will double the pace at which we cut carbon pollution, and China committed, for the first time, to limiting their emissions.']",Neutral
2016,Barack Obama,Democratic,0,"['With TPP, China does not set the rules in that region, we do.']",Neutral
2017,Donald J Trump,Republican,1,"[""In the last 8 years, the past administration has put on more new debt than nearly all of the other Presidents combined.We've lost more than one-fourth of our manufacturing jobs since NAFTA was approved, and we've lost 60,000 factories since China joined the World Trade Organization in 2001.""]",Neutral
2018,Donald J Trump,Republican,3,"['Around the world, we face rogue regimes, terrorist groups, and rivals like China and Russia that challenge our interests, our economy, and our values.', 'Later, he was tortured by North Korean authorities after returning from a brief visit to China.', 'Seong-ho traveled thousands of miles on crutches all across China and Southeast Asia to freedom.']",Neutral
2019,Donald J Trump,Republican,4,"['We are now making it clear to China that after years of targeting our industries, and stealing our intellectual property, the theft of American jobs and wealth has come to an end.', ""But I don't blame China for taking advantage of us -- I blame our leaders and representatives for allowing this travesty to happen."", 'I have great respect for President Xi, and we are now working on a new trade deal with China.', ""Perhaps we can negotiate a different agreement, adding China and others, or perhaps we can't --- in which case, we will outspend and out-innovate all others by far.""]",Neutral
2020,Donald J Trump,Republican,5,"['I also promised our citizens that I would impose tariffs to confront China’s massive theft of American jobs.', 'Days ago, we signed the groundbreaking new agreement with China that will defend our workers, protect our intellectual property, bring billions of dollars into our treasury, and open vast new markets for products made and grown right here in the United States of America.', 'For decades, China has taken advantage of the United States, now we have changed that but, at the same time, we have perhaps the best relationship we have ever had with China, including with President Xi.', 'We are coordinating with the Chinese government and working closely together on the Coronavirus outbreak in China.']",Neutral
2021,Joseph R Biden,Democratic,4,"['We’re in competition with China and other countries to win the 21st Century.', 'China and other countries are closing in fast.', 'I kept my commitment to convene a climate summit right here in America with all of the major economies of the world—China, Russia, India, the European Union—and I said I’d do it in my first 100 days.', 'That means making sure every nation plays by the same rules in the global economy, including China.']",Neutral
2022,Joseph R Biden,Democratic,2,"[""And look, it's going to transform America to put us on a path to win the economic competition of the 21st century that we face with the rest of the world, particularly China."", 'But, folks, to compete for the jobs of the future, we also need to level the playing field with China and other competitors.', ""Can't—China is.""]",Neutral
2023,Joseph R Biden,Democratic,6,"[""Before I came to office, the story was about how the People's Republic of China was increasing its power and America was failing in the world."", 'Investing in American innovation and industries that will define the future that China intends to be dominating.', ""Today, we're in the strongest position in decades to compete with China or anyone else in the world."", ""And I'm committed—I'm committed—to work with China where we can advance American interests and benefit the world."", 'But make no mistake about it- As we made clear last week, if China threatens our sovereignty, we will act to protect our country.', '[Inaudible]—China!']",Neutral