year,name,party,word_count,oil,college,gun,border,terrorism,immigration,economy,crime,abortion,housing,healthcare,refugees,war,climate,military,law enforcement,racism,energy,inflation,deficit,debt,farmers,election,business,women,children,retirement,diplomacy,workforce,internet,satellite,transportation,freedom,hope,equality,liberty,diaspora,minorties,religion,faith,police,racism,veterans,weapons,taxes,infrastructure,trade,benefits,nuclear,students
1790,George Washington,none,1400,0,0,0,0,0,0,0,0,0,0,0,0,2,0,0,0,0,0,0,0,2,0,0,1,0,0,0,0,0,0,0,1,0,2,0,0,0,0,0,1,0,0,0,0,0,0,1,0,0,0
1791,George Washington,none,2301,0,0,0,0,0,0,0,0,0,0,0,0,1,0,0,0,0,0,0,0,5,0,0,1,0,0,0,0,0,0,0,0,0,0,0,0,0,0,1,0,0,0,0,0,1,0,0,1,0,0
1792,George Washington,none,2096,0,0,0,0,0,0,0,0,0,0,0,0,2,0,0,0,0,1,0,0,2,0,0,0,0,0,0,0,0,0,0,0,0,2,0,0,0,0,0,0,0,0,0,0,0,0,2,0,0,0
1793,George Washington,none,1963,0,0,0,0,0,0,1,0,0,0,0,0,4,0,6,0,0,1,0,0,1,0,0,0,0,0,1,0,0,0,0,1,1,1,0,1,0,0,0,1,0,0,0,0,0,0,1,0,0,0
1794,George Washington,none,2913,0,0,0,0,0,0,1,0,0,0,0,0,1,0,2,0,0,1,0,0,2,0,0,0,0,0,0,0,0,0,0,0,0,1,0,1,0,0,0,1,0,0,0,0,0,0,0,0,0,0
1795,George Washington,none,1984,0,0,0,0,0,0,0,0,0,0,0,0,3,0,3,0,0,1,0,0,2,0,0,1,1,1,0,0,0,0,0,0,0,2,0,1,0,0,0,0,0,0,0,0,0,0,2,1,0,0
1796,George Washington,none,2865,0,0,0,0,0,0,0,0,0,0,0,0,11,0,5,0,0,1,0,0,2,0,0,2,0,0,0,0,0,0,0,0,0,1,0,0,0,0,0,0,0,0,0,0,0,0,3,1,0,0
1797,John Adams,Federalist,2057,0,0,0,0,0,0,0,0,0,0,0,0,4,0,1,0,0,1,0,0,0,0,0,1,0,0,0,0,0,0,0,0,0,1,0,1,0,0,0,2,0,0,0,0,3,0,0,0,0,0
1798,John Adams,Federalist,2218,0,0,0,0,0,0,0,0,0,0,0,0,5,0,1,0,0,0,0,0,0,0,0,2,0,0,0,0,0,0,0,1,0,0,0,1,0,0,0,0,0,0,0,0,0,0,2,0,0,0
1799,John Adams,Federalist,1505,0,0,0,0,0,0,1,0,0,0,0,0,3,0,1,0,0,0,0,0,0,0,0,1,0,0,0,0,0,0,0,0,0,0,0,0,0,0,0,3,0,0,0,0,0,0,1,0,0,0
1800,John Adams,Federalist,1372,0,0,0,0,0,0,1,0,0,0,0,0,1,0,0,0,0,0,0,0,0,0,0,1,0,0,0,0,0,0,0,0,0,0,0,0,0,0,1,1,0,0,0,0,0,0,0,0,0,0
1801,Thomas Jefferson,Democratic-Republican,3224,0,0,1,0,0,0,0,0,0,0,0,0,3,0,2,0,0,0,0,0,1,0,0,1,0,0,0,0,0,0,0,0,0,1,0,1,0,0,0,1,0,0,0,0,1,0,1,0,0,0
1802,Thomas Jefferson,Democratic-Republican,2199,0,0,0,0,0,0,4,0,0,0,0,0,2,0,1,0,0,0,0,0,7,0,0,1,0,0,0,0,0,0,0,0,0,1,1,0,0,0,1,2,0,0,0,0,4,0,1,0,0,0
1803,Thomas Jefferson,Democratic-Republican,2277,0,0,1,0,0,0,0,0,0,0,0,0,3,1,0,0,0,0,0,0,7,0,0,0,0,0,0,0,0,0,0,0,1,1,0,0,0,0,0,1,1,0,0,0,1,0,0,0,0,0
1804,Thomas Jefferson,Democratic-Republican,2099,0,0,1,0,0,0,1,0,0,0,0,0,7,0,2,0,0,1,0,0,2,0,0,0,0,0,0,0,0,0,0,0,0,0,0,0,0,0,0,0,0,0,0,0,0,0,0,0,0,0
1805,Thomas Jefferson,Democratic-Republican,2941,0,0,1,0,0,0,0,0,0,0,0,0,6,0,0,0,0,0,0,0,4,0,0,1,0,0,0,0,0,0,0,0,0,4,0,2,0,0,0,0,0,0,0,0,0,0,1,0,0,0
1806,Thomas Jefferson,Democratic-Republican,2866,0,0,1,0,0,0,0,0,0,0,0,0,6,0,1,0,0,0,0,0,5,0,0,0,0,0,0,0,0,0,0,0,0,0,0,0,0,0,0,2,0,0,0,0,0,0,0,0,0,0
1807,Thomas Jefferson,Democratic-Republican,2392,0,0,2,0,0,0,0,0,0,0,0,0,2,0,2,0,0,1,0,0,3,0,0,0,0,0,0,0,0,0,0,0,0,0,1,0,0,0,0,0,0,0,0,0,0,0,2,0,0,0
1808,Thomas Jefferson,Democratic-Republican,2686,0,0,1,0,0,0,0,0,0,0,0,0,2,1,1,0,0,0,0,0,3,0,0,2,0,0,0,0,0,0,0,0,3,0,0,1,0,0,0,0,0,0,0,0,0,0,1,0,0,0
1809,James Madison,Democratic-Republican,1831,0,0,0,0,0,0,0,0,0,0,0,0,2,0,1,0,0,0,0,0,0,0,0,0,0,0,0,0,0,0,0,0,0,0,0,0,0,0,0,1,0,0,0,0,0,0,1,0,0,0
1810,James Madison,Democratic-Republican,2446,0,0,0,0,0,0,1,0,0,0,0,0,3,0,3,0,0,0,0,0,1,0,0,0,0,0,0,0,0,0,0,0,0,0,1,1,0,0,0,0,0,0,0,0,0,0,0,0,0,0
1811,James Madison,Democratic-Republican,2275,0,0,1,0,0,0,0,0,0,0,0,0,3,0,2,0,0,0,0,0,2,0,0,0,0,0,0,0,0,0,0,0,0,0,1,0,0,0,0,0,0,0,0,0,0,0,7,0,0,0
1812,James Madison,Democratic-Republican,3242,0,0,0,0,0,0,1,0,0,0,0,0,20,0,3,0,0,0,0,0,1,0,0,0,0,0,0,0,0,0,0,0,0,1,0,0,0,0,1,0,0,0,0,0,0,0,1,0,0,0
1813,James Madison,Democratic-Republican,3258,0,0,0,1,0,0,0,0,0,0,0,0,28,0,4,0,0,0,0,0,0,0,0,0,0,0,0,0,0,0,0,0,2,0,0,1,0,0,0,0,0,0,0,0,0,0,0,0,0,0
1814,James Madison,Democratic-Republican,2114,0,0,0,1,0,0,0,0,0,0,0,0,10,0,1,0,0,1,0,0,0,0,0,1,0,0,0,0,0,0,0,0,0,0,0,0,0,0,0,0,0,0,0,0,1,0,0,0,0,0
1815,James Madison,Democratic-Republican,3154,0,0,0,0,0,0,1,0,0,0,0,0,10,0,6,0,0,0,0,0,8,0,0,0,0,0,0,0,0,0,0,0,0,0,0,1,0,0,0,1,0,0,0,0,1,0,0,1,0,0
1816,James Madison,Democratic-Republican,3366,0,0,0,0,0,0,1,0,0,0,0,0,6,0,2,0,0,0,0,0,4,0,0,3,0,0,0,0,0,0,0,1,1,0,0,3,0,0,1,2,0,0,0,0,0,0,4,0,0,0
1817,James Monroe,Democratic-Republican,4427,0,0,0,1,0,0,0,0,0,0,0,0,4,0,2,0,0,0,0,0,5,0,0,1,0,0,0,0,0,0,0,0,1,1,1,0,0,0,0,0,0,0,0,0,4,0,0,0,0,0
1818,James Monroe,Democratic-Republican,4377,0,0,0,0,0,0,0,0,0,0,0,0,9,0,0,0,0,0,0,0,1,0,0,1,0,0,0,0,0,0,0,1,1,3,0,0,0,0,0,0,0,0,0,0,0,0,0,0,0,0
1819,James Monroe,Democratic-Republican,4711,0,0,0,0,0,0,0,0,0,0,0,0,5,0,0,0,0,0,0,0,1,0,0,0,0,0,0,0,0,0,0,0,0,1,0,0,0,0,0,2,0,0,0,0,0,0,2,0,0,0
1820,James Monroe,Democratic-Republican,3441,0,0,0,0,0,0,2,0,0,0,0,0,8,1,3,0,0,0,0,0,2,0,0,0,0,0,0,0,0,0,0,0,0,1,1,0,0,0,0,1,0,0,0,0,0,0,4,0,0,0
1821,James Monroe,Democratic-Republican,5823,0,0,0,0,0,0,1,0,0,0,0,0,1,0,2,0,0,0,0,0,2,0,0,0,0,0,0,0,0,0,0,4,0,0,2,1,0,0,0,1,0,0,0,0,0,0,7,0,0,0
1822,James Monroe,Democratic-Republican,4734,0,0,0,0,0,0,2,0,0,0,0,0,13,0,6,0,0,0,0,0,2,0,0,1,0,0,0,0,0,0,0,0,1,4,0,2,0,0,0,0,0,0,0,0,0,0,4,0,0,0
1823,James Monroe,Democratic-Republican,6382,0,0,0,0,0,1,1,1,0,0,0,0,5,1,2,0,0,0,0,0,5,0,0,0,0,0,0,0,0,0,0,3,1,4,0,1,0,0,0,0,0,0,0,0,0,0,2,0,0,0
1824,James Monroe,Democratic-Republican,8418,0,0,0,0,0,0,0,2,0,0,0,0,19,1,9,0,0,0,0,0,9,0,0,0,0,0,0,0,0,0,0,2,0,4,0,3,0,0,0,1,0,0,0,0,0,0,9,0,0,0
1825,John Quincy Adams,Democratic-Republican,9000,0,0,0,0,0,0,0,0,0,0,0,0,11,0,8,0,0,3,0,0,12,0,0,0,0,1,1,0,0,0,0,1,1,2,1,3,0,0,0,1,0,0,0,0,2,0,5,1,0,0
1826,John Quincy Adams,Democratic-Republican,7745,0,0,0,0,0,0,1,0,0,0,0,0,10,0,5,0,0,0,0,0,10,0,0,0,0,1,0,0,0,0,0,4,3,4,2,0,0,0,0,2,0,0,0,0,0,0,7,1,0,0
1827,John Quincy Adams,Democratic-Republican,6983,0,0,0,0,0,0,2,0,0,0,0,0,7,0,1,0,0,0,0,0,7,0,0,0,0,0,0,0,0,0,0,2,3,4,0,3,0,0,0,0,0,0,0,0,1,0,7,0,0,0
1828,John Quincy Adams,Democratic-Republican,7310,0,0,0,1,0,0,0,0,0,0,0,0,7,0,2,0,0,2,0,0,4,0,0,0,0,2,0,0,0,0,0,0,3,5,0,1,0,0,1,0,0,0,0,0,0,0,7,1,0,0
1829,Andrew Jackson,Democratic,10523,0,0,0,0,0,0,2,1,0,0,0,0,8,0,3,0,0,0,0,0,8,0,0,2,0,0,0,0,0,0,0,1,1,7,1,3,0,0,0,0,0,0,0,0,0,0,2,5,0,0
1830,Andrew Jackson,Democratic,15072,0,0,0,0,0,0,0,0,0,0,0,0,1,2,0,0,0,2,0,0,7,0,0,2,0,4,0,0,0,0,0,1,1,8,1,6,0,0,1,2,0,0,0,0,1,0,13,2,0,0
1831,Andrew Jackson,Democratic,7189,0,0,0,0,0,0,0,0,0,0,0,0,3,0,0,0,0,0,0,0,8,0,0,2,0,0,0,0,0,0,0,0,0,8,0,2,0,0,1,1,0,0,0,0,0,0,14,1,0,0
1832,Andrew Jackson,Democratic,7875,0,0,0,0,0,0,2,0,0,0,0,0,7,0,1,0,0,1,0,0,11,1,0,3,0,0,0,0,0,0,0,1,1,5,1,6,0,0,0,3,0,0,1,0,1,0,3,1,0,0
1833,Andrew Jackson,Democratic,7901,0,0,0,0,0,0,2,0,0,0,0,0,3,0,2,0,0,0,0,0,9,0,0,0,0,0,0,0,0,0,0,1,0,6,0,0,0,0,0,3,0,0,0,0,1,0,3,2,0,0
1834,Andrew Jackson,Democratic,13446,0,0,0,1,0,0,3,0,0,0,0,0,6,0,3,0,0,0,0,2,11,0,0,2,0,0,0,0,0,0,0,0,2,2,1,1,0,0,1,4,0,0,0,0,0,0,5,5,0,0
1835,Andrew Jackson,Democratic,10809,0,0,0,0,0,0,3,0,0,0,0,0,1,0,4,0,0,0,0,0,6,1,0,4,0,0,0,0,0,0,0,0,3,6,3,1,0,0,0,3,0,0,0,0,0,0,3,3,0,0
1836,Andrew Jackson,Democratic,12355,0,0,0,0,0,0,2,0,0,0,0,0,5,0,3,0,0,0,0,0,4,0,0,7,0,0,1,0,0,0,0,1,0,4,2,0,0,0,0,1,0,0,0,1,9,0,2,0,0,0
1837,Martin Van Buren,Democratic,11435,0,0,0,1,0,0,2,0,0,0,0,0,4,0,3,0,0,0,0,0,2,0,0,4,0,0,0,0,0,0,0,1,0,5,0,0,0,0,0,1,0,0,0,0,1,0,2,2,0,0
1838,Martin Van Buren,Democratic,11475,0,0,0,3,0,0,2,1,0,0,0,0,4,3,7,0,0,1,0,0,1,0,0,7,0,0,1,0,0,0,0,2,2,6,0,2,0,0,1,3,0,0,0,0,1,0,9,4,0,0
1839,Martin Van Buren,Democratic,13416,0,0,0,1,0,0,4,2,0,0,0,0,4,1,0,0,0,1,0,0,19,0,0,13,0,1,0,0,0,0,0,4,1,5,0,0,0,0,0,5,1,0,0,0,1,0,21,3,0,0
1840,Martin Van Buren,Democratic,8976,0,0,0,1,0,0,3,0,0,0,0,0,2,1,1,0,0,0,0,0,15,0,0,5,0,0,0,0,0,0,0,3,0,3,1,0,0,0,0,3,0,0,0,0,2,0,9,3,0,0
1841,John Tyler,Whig & Democratic,8240,0,0,0,1,0,0,1,0,0,0,0,0,5,1,1,0,0,2,1,1,0,0,0,1,0,0,0,0,0,0,0,2,0,3,1,2,0,0,0,2,2,0,0,0,2,0,8,0,0,0
1842,John Tyler,Whig & Democratic,8401,0,0,0,1,0,0,3,0,0,0,0,0,9,1,4,0,0,1,0,0,3,0,0,1,0,0,1,0,0,0,0,0,1,3,0,1,0,0,0,4,0,0,0,0,1,0,12,6,0,0
1843,John Tyler,Whig & Democratic,8026,0,0,0,3,0,0,1,1,0,0,0,0,13,0,3,0,0,0,0,0,2,0,0,1,0,0,0,0,0,0,0,1,0,3,1,1,0,0,0,0,0,0,0,0,1,0,10,0,0,0
1844,John Tyler,Whig & Democratic,9309,0,1,0,0,0,0,2,0,0,0,0,0,17,0,1,0,0,1,0,0,3,0,0,0,0,0,2,1,0,0,0,3,3,4,0,4,0,0,0,1,0,0,0,0,1,0,9,4,0,0
1845,James Polk,Democratic,16107,0,0,0,0,0,0,1,0,0,0,0,0,11,0,5,0,0,0,0,0,8,0,0,7,0,0,0,1,0,0,0,0,2,3,1,2,0,0,0,3,0,0,0,0,1,0,8,3,0,0
1846,James Polk,Democratic,18218,0,0,0,0,0,0,0,0,0,0,0,0,64,0,17,0,0,4,0,0,6,1,0,5,0,0,0,0,0,0,0,2,0,6,0,5,0,0,0,5,0,0,0,0,6,0,6,0,0,0
1847,James Polk,Democratic,16407,0,0,0,2,0,0,0,3,0,0,0,0,85,0,30,0,0,3,1,0,11,1,0,4,0,2,0,0,0,0,0,6,2,2,0,0,0,0,2,2,0,0,0,0,0,0,4,0,0,0
1848,James Polk,Democratic,21287,0,0,0,0,0,0,1,0,0,0,0,0,61,4,13,0,0,6,1,0,16,1,0,10,0,0,0,0,0,0,0,4,1,3,3,1,0,0,0,1,0,0,0,0,7,0,11,2,0,0
1849,Zachary Taylor,Whig,7617,0,0,0,1,0,0,1,1,0,0,0,0,5,0,5,0,0,1,0,4,0,0,0,0,0,1,0,1,0,0,0,2,1,1,0,0,0,0,0,2,0,0,0,0,0,0,2,3,0,0
1850,Millard Fillmore,Whig,8318,0,0,0,1,0,1,0,0,0,0,0,0,2,0,4,0,0,1,0,0,3,0,0,4,0,0,0,0,0,0,0,3,1,2,0,1,0,0,0,0,0,0,0,0,0,0,1,2,0,0
1851,Millard Fillmore,Whig,13243,0,0,0,2,0,0,3,2,0,0,0,0,5,2,11,0,0,2,0,0,8,0,0,2,0,0,0,0,0,0,0,5,1,7,1,2,0,0,1,1,0,0,0,0,0,0,3,2,0,0
1852,Millard Fillmore,Whig,9922,0,0,0,1,0,0,1,1,0,0,0,0,1,0,3,0,0,2,0,0,4,0,0,5,0,1,0,0,0,0,0,1,4,2,0,4,0,0,0,0,0,0,0,0,0,0,1,0,0,0
1853,Franklin Pierce,Democratic,9587,0,0,0,0,0,0,1,1,0,0,0,0,6,1,3,0,0,2,0,0,3,0,0,5,0,0,0,0,0,0,0,0,4,3,0,1,0,0,0,3,0,0,0,0,0,0,4,1,0,0
1854,Franklin Pierce,Democratic,10134,0,0,0,1,0,0,1,0,0,0,0,0,18,0,9,0,0,2,0,0,5,0,0,3,0,0,0,0,0,0,0,4,0,4,0,2,0,0,0,1,0,0,0,0,0,0,1,0,0,0
1855,Franklin Pierce,Democratic,11610,0,0,0,0,0,0,0,0,0,0,0,0,18,2,8,0,0,0,0,0,5,0,0,2,0,0,0,0,0,0,0,2,4,2,3,0,0,0,1,8,0,0,0,0,0,0,0,3,0,0
1856,Franklin Pierce,Democratic,10473,0,0,0,1,0,0,1,0,0,0,0,0,8,1,5,0,0,2,0,0,5,0,0,2,0,1,0,0,0,0,0,3,6,2,4,9,0,0,3,1,0,0,0,0,0,0,2,1,0,0
1857,James Buchanan,Democratic,13651,0,0,0,0,0,0,3,1,0,0,0,0,17,0,10,0,0,0,0,0,4,0,0,4,0,0,0,0,0,0,0,2,1,4,3,0,0,0,0,1,0,0,0,0,0,0,3,1,0,0
1858,James Buchanan,Democratic,16347,0,0,0,3,0,0,5,0,0,0,0,0,15,1,7,0,0,1,2,2,8,0,0,8,0,2,0,1,0,0,0,2,1,7,1,0,0,0,2,1,0,0,0,0,2,0,15,3,0,0
1859,James Buchanan,Democratic,12336,0,0,1,0,0,0,3,1,0,0,0,0,22,0,6,0,0,0,0,0,7,0,0,0,0,1,0,0,0,0,0,1,0,5,0,1,0,0,0,3,0,0,0,0,0,0,17,1,0,0
1860,James Buchanan,Democratic,14025,0,0,0,0,0,0,1,2,0,0,0,0,19,0,7,0,0,1,0,0,4,0,0,0,0,1,0,0,0,0,0,0,4,3,1,0,0,0,2,3,0,0,0,0,1,0,6,1,0,0
1861,Abraham Lincoln,Republican,6976,0,0,0,0,0,1,1,0,0,0,0,0,6,1,5,0,0,3,0,0,2,0,0,4,0,0,1,0,0,0,0,1,0,6,0,1,0,0,0,1,0,0,0,0,1,0,4,1,0,0
1862,Abraham Lincoln,Republican,8392,0,0,0,0,0,0,1,0,0,0,0,0,17,1,3,0,0,0,0,0,10,0,0,1,1,1,0,0,0,0,0,0,3,1,0,0,0,0,0,0,0,0,0,0,0,0,7,1,0,0
1863,Abraham Lincoln,Republican,6111,0,0,0,0,0,1,0,0,0,0,0,0,13,0,9,0,0,0,0,0,4,0,0,1,0,0,0,0,0,0,0,1,2,3,0,0,0,0,0,2,0,0,0,0,0,0,5,2,0,0
1864,Abraham Lincoln,Republican,5863,0,0,0,3,0,1,0,0,0,0,0,0,19,0,5,0,0,1,0,0,7,0,0,0,0,0,0,0,0,0,0,0,0,0,0,2,0,0,0,1,0,0,0,0,1,0,2,0,0,0
1865,Andrew Johnson,National Union,9218,0,0,0,1,0,0,3,2,0,0,0,0,15,2,8,0,0,2,0,0,7,0,0,4,0,0,0,0,0,0,0,0,7,4,0,5,0,0,2,4,0,0,0,0,1,0,1,0,0,0
1866,Andrew Johnson,National Union,7127,0,0,0,0,0,0,1,2,0,0,0,0,15,0,8,0,0,1,0,0,4,0,0,0,0,0,0,0,0,0,0,3,0,2,2,2,0,0,0,4,0,0,0,0,1,0,2,1,0,0
1867,Andrew Johnson,National Union,11981,0,0,0,0,0,0,4,2,0,0,0,0,24,0,15,0,0,1,0,0,7,0,0,3,0,3,0,0,0,0,0,0,2,2,1,6,0,0,0,7,0,0,0,0,1,0,8,0,0,0
1868,Andrew Johnson,National Union,9817,0,0,0,0,0,0,5,0,0,0,0,0,24,0,5,0,0,0,0,0,13,0,0,2,0,0,0,0,0,0,0,0,1,5,0,2,0,0,0,2,0,0,0,0,1,0,6,1,0,0
1869,Ulysses S Grant,Republican,7699,0,0,0,0,0,0,1,0,0,0,0,0,9,2,3,0,0,0,0,0,9,0,0,1,0,0,0,0,0,0,0,1,2,4,0,2,0,0,1,4,0,0,0,0,1,0,6,2,0,0
1870,Ulysses S Grant,Republican,8733,0,2,0,0,0,0,1,0,0,0,0,0,9,1,3,0,0,0,0,0,5,0,0,0,0,0,0,0,0,0,0,2,1,5,0,1,0,0,0,2,2,0,0,0,1,0,10,1,0,0
1871,Ulysses S Grant,Republican,6455,0,0,1,0,0,1,1,0,0,0,0,0,1,0,2,0,0,0,0,0,2,0,0,2,1,4,0,0,0,0,0,0,2,3,2,1,0,0,2,0,0,0,0,0,1,0,1,2,0,0
1872,Ulysses S Grant,Republican,3923,0,0,0,2,0,0,0,0,0,0,0,0,1,0,1,0,0,1,0,0,1,0,0,1,0,0,0,0,0,0,0,0,0,1,1,0,0,0,0,0,0,0,0,0,0,0,1,1,0,0
1873,Ulysses S Grant,Republican,10019,0,1,0,0,0,1,3,0,0,0,0,0,8,0,4,0,0,0,4,0,3,0,0,7,1,3,0,0,0,0,0,4,2,4,0,3,0,0,0,0,0,0,0,0,0,0,7,2,0,0
1874,Ulysses S Grant,Republican,9192,0,0,0,0,0,0,1,2,0,0,0,0,3,1,2,0,0,0,0,0,7,0,0,11,2,1,0,0,0,0,0,1,1,2,0,0,0,0,0,5,0,0,0,0,0,0,4,3,0,0
1875,Ulysses S Grant,Republican,12200,0,0,0,0,0,0,1,2,0,0,0,0,11,1,2,0,0,1,1,0,2,0,0,6,3,3,0,0,0,0,0,1,0,5,0,0,0,0,0,2,0,0,0,1,2,0,2,1,0,0
1876,Ulysses S Grant,Republican,6790,0,0,0,0,0,0,3,0,0,0,0,0,5,0,0,0,0,0,0,0,3,0,0,1,1,1,0,0,0,0,0,0,0,0,0,0,0,0,0,0,0,0,0,0,0,0,2,1,0,0
1877,Rutherford B Hayes,Republican,8017,0,0,0,7,0,0,0,0,0,0,0,0,6,0,5,0,0,0,0,0,11,0,0,5,0,0,0,0,0,0,0,0,2,2,2,1,0,0,0,6,0,0,0,0,5,0,10,1,0,0
1878,Rutherford B Hayes,Republican,7878,0,1,0,2,0,0,1,0,0,0,0,0,1,2,2,0,0,0,0,0,5,0,0,6,0,4,0,0,0,0,0,0,4,1,1,1,0,0,0,1,0,0,0,0,0,0,3,1,0,0
1879,Rutherford B Hayes,Republican,11632,0,0,0,4,0,0,2,3,0,0,0,0,3,0,8,0,0,0,0,0,6,0,0,8,0,2,1,0,0,0,0,1,4,1,2,1,0,0,1,0,0,0,0,0,0,0,8,0,0,0
1880,Rutherford B Hayes,Republican,6589,0,0,0,2,0,2,1,1,0,0,0,0,5,0,2,0,0,1,0,0,1,0,0,1,0,0,0,0,0,0,0,0,0,4,0,3,0,0,0,1,0,0,0,0,0,0,13,0,0,0
1881,Chester A Arthur,Republican,3519,0,0,0,1,0,1,0,0,0,0,0,0,2,0,0,0,0,0,0,0,2,0,0,0,0,0,0,0,0,0,0,0,0,2,0,0,0,0,0,0,0,0,0,0,0,0,3,0,0,0
1882,Chester A Arthur,Republican,2684,0,0,0,0,0,2,0,1,0,0,0,0,2,0,0,0,0,0,0,0,0,0,0,0,0,0,0,0,0,0,0,0,0,2,0,0,0,0,0,0,0,0,0,0,0,0,2,0,0,0
1883,Chester A Arthur,Republican,3136,0,0,0,0,0,1,0,1,0,0,0,0,1,0,0,0,0,0,0,0,1,0,0,1,0,0,0,0,0,0,0,0,1,0,1,1,0,0,0,1,0,0,0,0,0,0,7,0,0,0
1884,Chester A Arthur,Republican,8947,0,0,0,0,0,1,2,0,0,0,0,0,2,0,2,0,0,0,0,0,3,0,0,0,0,2,1,0,0,0,0,2,1,3,0,0,0,0,0,0,0,0,0,0,2,0,11,3,0,0
1885,Grover Cleveland,Democratic,19746,0,0,0,0,0,3,3,1,0,1,0,0,10,1,8,0,0,0,0,0,3,1,0,6,2,6,0,0,0,0,0,3,2,6,1,2,0,0,0,4,1,0,0,0,0,0,8,3,0,0
1886,Grover Cleveland,Democratic,15135,0,0,2,0,0,0,6,2,0,0,0,0,8,0,1,0,0,0,0,0,5,2,0,9,1,2,0,0,0,0,0,4,1,6,2,3,0,0,0,0,1,0,0,0,0,0,8,1,0,0
1887,Grover Cleveland,Democratic,5289,0,0,0,0,0,0,0,0,0,0,0,0,0,0,0,0,0,1,0,0,2,3,0,11,0,0,0,0,0,0,0,1,0,1,0,0,0,0,0,0,0,0,0,0,1,0,5,1,0,0
1888,Grover Cleveland,Democratic,9020,0,0,2,1,0,1,0,0,0,0,0,0,3,0,2,0,0,0,0,0,0,2,0,7,1,3,0,0,0,0,0,0,2,0,5,0,0,0,0,1,0,0,0,0,2,0,0,0,0,0
1889,Benjamin Harrison,Republican,12999,0,0,0,1,0,1,1,2,0,0,0,0,7,0,4,0,0,0,0,0,0,1,0,7,0,1,0,0,0,0,0,0,0,3,3,1,0,0,0,0,0,0,1,0,1,0,5,0,0,0
1890,Benjamin Harrison,Republican,11520,0,0,0,0,0,0,3,2,0,0,0,0,1,0,2,0,0,2,0,0,1,1,0,10,0,0,0,0,0,0,0,3,1,5,0,0,0,0,0,2,0,0,0,0,0,0,29,3,0,0
1891,Benjamin Harrison,Republican,16290,0,0,2,2,0,2,1,2,0,0,0,1,8,0,1,0,0,1,0,0,5,2,0,11,2,5,0,0,0,0,0,0,0,6,4,2,0,0,0,1,2,0,0,1,1,0,12,3,0,0
1892,Benjamin Harrison,Republican,13676,0,0,1,2,0,2,0,5,0,0,0,0,7,0,0,0,0,1,0,1,4,0,0,7,0,1,1,0,0,0,0,2,1,4,1,0,0,0,0,0,0,0,3,0,0,0,25,4,0,0
1893,Grover Cleveland,Democratic,12281,0,1,1,0,0,0,5,1,0,0,0,0,7,0,8,0,0,0,0,0,0,2,0,13,0,2,0,0,0,0,0,0,1,3,1,0,0,0,0,2,0,0,1,0,3,0,4,3,0,0
1894,Grover Cleveland,Democratic,15572,0,0,1,0,0,0,1,1,0,0,0,0,13,0,9,0,0,0,0,2,0,2,0,9,0,0,2,0,0,0,0,2,0,2,2,1,0,0,0,1,0,0,2,0,1,0,3,1,0,0
1895,Grover Cleveland,Democratic,14625,0,1,0,0,0,1,0,1,0,0,0,1,4,0,5,0,0,1,0,0,2,0,0,11,1,0,10,0,0,0,0,2,2,3,1,1,0,0,0,6,1,0,0,0,0,0,9,2,0,0
1896,Grover Cleveland,Democratic,15441,0,0,6,0,0,3,10,0,0,0,0,2,4,0,8,0,0,0,0,8,5,1,0,12,1,4,1,1,0,0,0,5,1,11,0,0,0,0,0,2,1,0,0,1,0,0,2,2,0,0
1897,William Mc Kinley,Republican,12110,0,0,0,0,0,1,0,0,0,0,0,0,27,0,8,0,0,0,0,3,12,0,0,5,0,1,0,0,0,0,0,0,1,2,0,1,0,0,0,0,0,0,0,0,0,0,5,1,0,0
1898,William Mc Kinley,Republican,20208,0,0,1,3,0,0,0,2,0,0,0,0,54,1,22,0,0,1,0,0,7,0,0,7,1,1,0,0,0,0,0,2,0,9,0,0,0,0,0,0,0,0,0,0,1,0,12,1,0,0
1899,William Mc Kinley,Republican,15133,0,0,0,1,0,0,2,2,0,0,0,0,7,0,5,0,0,1,0,4,1,0,0,9,0,0,0,0,0,0,0,4,0,2,0,0,0,0,0,0,1,0,0,0,0,0,21,0,0,0
1900,William Mc Kinley,Republican,19134,2,1,0,0,0,0,3,1,0,0,0,0,7,0,17,0,0,1,0,0,1,1,0,8,0,2,0,1,0,0,0,2,5,5,3,8,0,0,5,2,0,0,0,0,4,0,24,3,0,0
1901,Theodore Roosevelt,Republican,19595,0,0,1,0,0,4,3,9,0,0,0,0,29,0,11,0,0,5,0,2,1,1,0,38,3,3,0,0,0,0,0,2,3,8,1,6,0,0,0,1,2,0,2,3,1,0,12,4,0,0
1902,Theodore Roosevelt,Republican,9756,0,0,2,0,0,1,0,0,0,0,0,0,9,1,2,0,0,2,0,0,0,0,0,20,0,0,1,0,0,0,0,0,2,4,2,3,0,0,0,0,1,0,0,0,0,0,3,2,0,0
1903,Theodore Roosevelt,Republican,14876,0,0,0,3,0,3,4,4,0,0,0,0,21,0,4,0,0,1,0,0,0,0,0,11,1,1,0,0,0,0,0,2,2,3,2,3,0,0,0,4,1,0,2,0,1,0,8,2,0,0
1904,Theodore Roosevelt,Republican,17406,0,1,0,0,0,2,2,3,0,2,0,0,11,0,1,0,0,1,0,0,0,2,0,14,3,13,2,0,0,0,0,3,4,4,1,2,0,0,0,1,8,0,1,1,0,0,9,1,0,1
1905,Theodore Roosevelt,Republican,25033,0,0,1,0,0,14,6,5,0,1,0,0,29,1,8,0,0,1,1,2,2,1,0,54,8,12,2,0,0,0,0,7,1,6,1,1,0,0,0,4,3,0,1,1,3,0,12,4,0,4
1906,Theodore Roosevelt,Republican,23575,0,0,0,0,0,1,4,22,0,0,0,0,26,0,4,0,0,2,0,0,0,14,0,31,4,6,0,0,0,0,0,1,2,10,6,7,0,0,0,0,1,0,0,0,3,0,13,5,0,4
1907,Theodore Roosevelt,Republican,27382,3,0,0,0,0,0,2,2,0,0,0,0,29,0,3,0,0,2,2,0,2,8,0,54,5,9,0,0,0,0,0,5,1,5,5,4,0,0,0,0,0,0,0,0,7,0,17,5,0,1
1908,Theodore Roosevelt,Republican,19376,1,0,2,0,0,0,2,3,0,0,0,0,10,1,8,0,0,1,0,1,2,1,0,38,1,5,1,0,0,0,0,0,1,4,0,15,0,0,0,2,0,0,0,0,3,0,2,0,0,1
1909,William H Taft,Republican,13889,0,0,0,0,0,1,8,0,0,0,0,0,6,0,10,0,0,2,0,15,3,1,0,12,0,0,1,3,0,0,0,5,2,12,4,1,0,0,0,1,2,0,0,0,0,0,7,2,0,2
1910,William H Taft,Republican,6763,0,0,0,0,0,0,3,1,0,0,0,0,7,0,1,0,0,0,0,0,2,0,0,4,0,0,0,1,0,0,0,0,1,2,1,1,0,0,0,0,0,0,0,0,0,0,12,3,0,0
1911,William H Taft,Republican,23702,1,0,0,13,0,3,12,0,0,0,0,1,5,0,9,0,0,1,0,2,6,0,0,41,0,0,1,1,0,0,0,5,5,11,7,1,0,0,0,2,0,0,0,0,0,0,34,1,0,0
1912,William H Taft,Republican,25125,2,0,0,1,0,0,3,1,0,1,0,0,19,0,7,0,0,1,0,1,4,8,0,25,1,2,1,13,0,0,0,1,1,8,1,0,0,0,0,0,4,0,0,1,1,0,29,4,0,2
1913,Woodrow Wilson,Democratic,3552,0,0,0,0,0,0,0,0,0,0,0,0,0,0,1,0,0,4,0,0,0,6,0,9,0,0,0,1,0,0,0,0,0,7,0,5,0,0,0,0,0,0,0,0,0,0,0,0,0,0
1914,Woodrow Wilson,Democratic,4533,0,0,0,0,0,0,4,0,0,0,0,0,4,0,3,0,0,1,0,0,0,0,0,4,0,0,0,0,0,0,0,4,2,5,0,3,0,0,0,2,0,0,0,0,0,0,9,0,0,0
1915,Woodrow Wilson,Democratic,7686,3,0,0,0,0,0,0,0,0,0,0,0,10,0,3,0,0,3,0,4,2,1,0,0,0,0,0,0,0,0,0,2,6,4,1,7,0,0,0,0,0,0,0,0,5,0,5,0,0,0
1916,Woodrow Wilson,Democratic,2117,0,0,0,0,0,0,0,0,0,0,0,0,1,0,5,0,0,0,0,0,0,0,0,0,0,0,0,0,0,0,0,2,2,2,0,1,0,0,0,0,0,0,0,0,0,0,1,0,0,0
1917,Woodrow Wilson,Democratic,3913,0,0,1,0,0,0,0,0,0,0,0,0,31,0,3,0,0,2,0,0,0,1,0,1,1,0,0,1,0,0,0,1,1,1,2,3,0,0,0,0,0,0,0,0,0,0,2,0,0,0
1918,Woodrow Wilson,Democratic,5465,0,0,0,0,0,0,1,0,0,0,0,0,20,0,2,0,0,2,0,0,1,0,0,13,2,0,1,0,0,0,0,2,2,10,0,0,0,0,0,0,0,0,0,0,3,0,2,0,0,0
1919,Woodrow Wilson,Democratic,4755,0,0,0,0,0,0,1,1,0,0,0,0,15,0,0,0,0,1,0,0,0,1,0,9,0,1,0,0,0,0,0,0,0,2,0,4,0,0,0,0,0,0,0,0,5,0,4,0,0,0
1920,Woodrow Wilson,Democratic,2705,0,0,0,0,0,0,2,0,0,0,0,0,9,0,1,0,0,0,0,0,8,0,0,1,0,0,0,0,0,0,0,0,0,2,1,1,0,0,0,16,0,0,0,0,4,0,0,0,0,0
1921,Warren G Harding,Republican,5604,0,0,0,0,0,0,0,0,0,0,0,0,13,0,0,0,0,1,0,0,3,1,0,2,0,1,0,0,0,0,0,4,0,4,1,0,0,0,0,1,0,0,0,0,0,0,10,1,0,0
1922,Warren G Harding,Republican,5744,0,0,0,0,0,2,2,0,0,0,0,0,15,0,0,0,0,0,1,0,1,0,0,2,2,0,1,0,0,0,0,18,1,0,1,1,0,0,0,2,0,0,0,0,0,0,1,1,0,0
1923,Calvin Coolidge,Republican,6701,2,0,0,0,0,2,2,2,0,1,0,0,7,0,0,0,0,0,0,0,5,3,0,5,2,0,0,0,0,0,0,3,2,3,0,0,0,0,0,3,0,0,2,0,7,0,2,1,0,1
1924,Calvin Coolidge,Republican,6964,5,0,0,0,0,1,8,2,0,0,0,0,8,0,3,0,0,0,0,1,4,2,0,10,1,0,1,0,0,0,0,4,3,3,3,1,0,0,0,0,3,0,1,0,5,0,3,2,0,0
1925,Calvin Coolidge,Republican,10843,1,0,0,0,0,3,8,0,0,1,0,0,16,0,6,0,0,1,0,0,16,1,0,14,0,0,3,0,0,0,0,2,3,1,3,3,0,0,1,2,2,0,5,0,4,0,3,2,0,0
1926,Calvin Coolidge,Republican,10308,0,0,0,0,0,2,5,1,0,0,0,0,14,0,4,0,0,0,0,0,7,4,0,10,0,0,4,1,0,0,0,4,3,2,1,2,0,0,1,0,1,0,4,0,8,0,2,1,0,0
1927,Calvin Coolidge,Republican,8777,0,0,0,0,0,0,4,2,0,3,0,0,4,0,4,0,0,0,0,3,7,0,0,9,2,1,1,0,0,0,0,5,1,0,0,1,0,0,0,0,0,0,5,0,3,0,2,2,0,0
1928,Calvin Coolidge,Republican,8060,4,0,0,0,0,2,8,1,0,1,0,0,3,0,1,0,0,0,0,1,6,4,0,11,2,0,4,0,0,0,0,4,1,1,0,1,0,0,0,2,1,0,5,0,3,0,5,2,0,0
1929,Herbert Hoover,Republican,10987,3,0,0,1,0,1,3,4,0,1,0,0,10,0,0,0,0,0,1,2,3,5,0,8,1,2,1,0,0,0,0,6,3,6,1,1,0,0,0,1,1,0,6,0,2,0,3,6,0,0
1930,Herbert Hoover,Republican,4540,0,0,0,1,0,2,1,0,0,0,0,0,1,0,1,0,0,1,1,3,2,2,0,6,0,1,1,0,0,0,0,1,1,0,0,0,0,0,0,1,0,0,5,0,2,0,0,0,0,0
1931,Herbert Hoover,Republican,5680,1,0,0,0,0,2,1,0,0,0,0,0,0,0,2,0,0,0,2,4,8,4,0,5,0,2,3,0,0,0,0,2,2,0,1,1,0,0,0,2,0,0,5,0,5,0,0,1,0,0
1932,Herbert Hoover,Republican,980,0,0,0,0,0,0,0,0,0,0,0,0,0,0,0,0,0,0,0,0,0,0,0,2,0,0,0,0,0,0,0,0,1,0,0,0,0,0,0,0,0,0,0,0,0,0,0,0,0,0
1934,Franklin D Roosevelt,Democratic,2223,0,0,0,0,0,0,0,1,0,0,0,0,0,0,0,0,0,0,0,0,3,1,0,2,0,0,0,0,0,0,0,0,0,1,0,0,0,0,0,0,0,0,0,0,0,0,5,0,0,0
1935,Franklin D Roosevelt,Democratic,3515,0,0,0,0,0,0,0,1,0,1,0,0,0,0,0,0,0,0,0,0,0,2,0,1,2,2,1,0,0,0,0,1,0,2,0,0,0,0,0,1,0,0,0,0,0,0,1,2,0,0
1936,Franklin D Roosevelt,Democratic,3810,0,0,0,0,0,0,0,0,0,0,0,0,8,0,0,0,0,0,0,0,1,0,0,4,1,2,0,1,0,0,0,0,2,4,1,0,0,0,0,3,0,0,0,0,4,0,2,0,0,0
1937,Franklin D Roosevelt,Democratic,2730,0,0,0,0,0,0,0,0,0,0,0,0,4,0,0,0,0,0,1,0,0,1,0,4,1,1,0,0,0,0,0,0,0,2,0,1,0,0,0,2,0,0,0,0,0,0,4,1,0,0
1938,Franklin D Roosevelt,Democratic,4677,0,0,0,0,0,0,0,0,0,0,0,0,1,1,1,0,0,0,0,2,1,4,0,23,0,0,0,0,0,0,0,0,1,3,0,1,0,0,0,2,0,0,0,0,4,0,1,0,0,0
1939,Franklin D Roosevelt,Democratic,3736,0,0,0,0,0,0,2,0,0,0,0,0,5,0,5,0,0,0,0,0,3,1,0,3,0,2,0,0,0,0,0,2,4,3,0,1,0,0,8,10,0,0,1,2,4,0,0,0,0,0
1940,Franklin D Roosevelt,Democratic,3170,0,0,0,0,0,0,0,0,0,0,0,0,8,0,5,0,0,0,0,1,0,0,0,2,1,3,0,0,0,0,0,1,1,7,1,1,0,0,0,3,0,0,0,1,1,0,10,0,0,0
1941,Franklin D Roosevelt,Democratic,3288,0,0,0,0,0,0,1,0,0,0,0,0,13,0,1,0,0,0,0,0,0,0,0,2,1,2,0,0,0,0,0,0,9,0,0,2,0,0,1,2,0,0,0,3,1,0,1,0,0,0
1942,Franklin D Roosevelt,Democratic,3470,0,0,0,0,0,0,0,0,0,0,0,0,30,0,5,0,0,0,0,0,0,0,0,0,1,0,0,0,0,0,0,0,10,3,0,0,0,0,3,2,0,0,0,5,2,0,0,0,0,0
1943,Franklin D Roosevelt,Democratic,4533,0,0,0,0,0,0,1,1,0,0,0,0,38,0,7,0,0,0,0,0,0,2,0,0,5,0,0,0,0,0,0,0,8,2,0,0,0,0,1,3,0,0,0,2,0,0,0,0,0,0
1944,Franklin D Roosevelt,Democratic,3755,0,0,0,0,0,0,2,0,0,0,0,0,46,0,3,0,0,0,2,0,0,2,0,3,6,2,1,0,0,0,0,0,6,2,1,1,0,0,0,0,0,0,0,0,0,0,1,1,0,0
1945,Franklin D Roosevelt,Democratic,8124,0,0,1,0,0,0,3,0,0,1,0,0,72,0,10,0,0,0,0,0,1,1,0,2,4,0,2,0,0,0,0,0,6,9,1,0,0,0,0,3,0,0,0,7,1,0,5,2,0,0
1946,Harry S Truman,Democratic,27708,0,1,0,0,0,1,30,1,0,34,0,2,170,0,12,0,0,3,16,1,27,12,0,50,7,2,1,0,0,0,0,11,9,15,1,0,0,0,1,1,0,0,32,1,5,0,17,9,0,0
1947,Harry S Truman,Democratic,6033,1,0,0,0,0,0,10,0,0,15,0,1,16,0,6,0,0,6,0,0,4,3,0,6,2,1,1,0,0,0,0,1,2,4,0,0,0,0,0,2,0,0,12,0,0,0,2,1,0,0
1948,Harry S Truman,Democratic,5091,0,0,0,0,0,0,6,0,0,5,0,1,11,0,1,0,0,4,9,0,0,2,0,1,1,2,0,0,0,0,0,0,8,3,3,0,0,0,0,7,0,0,6,1,3,0,3,7,0,0
1949,Harry S Truman,Democratic,3397,0,0,0,0,0,0,9,0,0,10,0,0,0,0,0,0,0,0,1,0,1,5,0,8,1,1,0,0,0,0,0,1,1,1,0,0,0,0,0,3,0,0,0,0,2,0,0,6,0,0
1950,Harry S Truman,Democratic,5126,0,0,0,0,0,0,9,0,0,5,0,0,2,0,3,0,0,4,0,0,0,0,0,4,2,4,0,0,0,0,0,0,12,3,1,3,0,0,0,1,0,0,0,1,0,0,3,12,0,0
1951,Harry S Truman,Democratic,3988,0,0,1,0,0,0,5,0,0,1,0,0,5,0,16,0,0,1,0,0,0,0,0,0,2,1,0,0,0,0,0,0,13,5,0,3,0,0,0,0,0,0,0,6,1,0,0,1,0,0
1952,Harry S Truman,Democratic,5334,1,0,0,0,0,0,1,0,0,2,0,0,11,0,11,0,0,1,4,0,0,4,0,3,2,0,0,0,0,0,1,2,9,10,1,0,0,0,1,2,0,0,2,5,2,0,0,3,0,0
1953,Harry S Truman,Democratic,9599,1,0,0,0,0,0,6,0,0,1,0,0,40,1,18,0,0,8,0,0,4,3,0,3,0,1,0,0,0,0,1,0,10,6,2,1,0,0,0,8,2,0,1,3,0,0,2,3,0,0
1953,Dwight D Eisenhower,Republican,6941,0,0,0,0,0,1,9,0,0,2,0,0,5,2,12,0,0,0,7,3,7,5,0,2,0,1,0,0,0,0,0,0,17,3,3,1,0,0,0,2,0,0,2,1,3,0,3,0,0,0
1954,Dwight D Eisenhower,Republican,5990,0,0,0,0,0,0,8,0,0,2,0,0,4,1,14,0,0,1,1,1,4,3,0,4,0,2,0,0,0,0,0,0,14,5,0,0,0,0,0,0,0,0,1,4,4,0,5,3,2,0
1955,Dwight D Eisenhower,Republican,7250,0,0,0,0,0,1,14,0,0,7,0,0,2,1,28,0,0,2,2,1,1,1,0,2,0,1,3,0,0,0,0,4,12,4,0,0,0,0,0,8,0,0,3,6,2,0,4,7,3,0
1956,Dwight D Eisenhower,Republican,8245,0,1,0,0,0,3,11,0,0,7,0,0,5,0,16,0,0,5,2,3,4,6,0,10,2,7,2,0,0,0,0,2,6,1,1,0,0,0,1,0,0,0,1,4,2,0,8,4,2,0
1957,Dwight D Eisenhower,Republican,4145,2,0,0,0,0,1,12,0,0,0,0,1,3,1,8,0,0,2,3,0,0,0,0,3,2,3,1,0,0,0,1,0,7,2,1,1,0,0,0,0,0,0,0,3,0,0,3,2,1,0
1958,Dwight D Eisenhower,Republican,4927,0,0,0,0,0,0,3,0,0,0,0,0,9,0,28,0,0,1,0,0,1,1,0,2,1,0,0,1,0,0,2,0,3,2,0,1,0,0,0,0,0,0,0,7,0,0,6,1,2,0
1959,Dwight D Eisenhower,Republican,4889,0,0,0,0,0,0,12,0,0,0,0,0,5,0,9,0,0,0,2,1,0,1,0,2,1,2,0,0,0,0,1,0,16,7,2,3,0,0,1,0,0,0,0,4,0,0,0,0,0,0
1960,Dwight D Eisenhower,Republican,5648,0,0,0,0,0,0,3,1,0,0,0,0,5,0,4,0,0,0,5,1,6,0,0,1,0,1,0,0,0,0,1,0,17,4,1,1,0,0,0,4,0,0,0,3,0,0,2,1,5,0
1961,John F Kennedy,Democratic,5165,0,2,0,0,0,0,9,0,0,2,0,0,1,0,5,0,0,1,0,7,0,1,0,2,1,2,0,0,0,0,1,0,4,5,0,3,0,0,0,0,0,0,0,2,0,0,2,0,3,1
1961,Dwight D Eisenhower,Republican,6188,0,1,0,0,0,2,6,0,0,2,0,1,4,0,4,0,0,2,3,1,0,2,0,2,1,2,2,0,0,0,0,1,9,2,2,2,0,0,0,0,0,0,8,3,1,0,4,11,6,1
1962,John F Kennedy,Democratic,6436,0,3,0,0,0,0,10,3,0,2,0,0,5,1,8,0,0,2,2,4,0,4,0,5,2,4,1,1,0,0,0,3,10,6,0,1,0,0,0,2,0,0,0,4,1,0,6,1,6,0
1963,John F Kennedy,Democratic,5326,0,0,0,2,0,0,6,1,0,1,0,0,7,0,4,0,0,1,2,3,0,0,0,3,5,4,1,0,0,0,0,2,13,5,0,0,0,0,0,1,1,0,0,5,2,0,6,0,13,2
1964,Lyndon B Johnson,Democratic,3187,0,0,0,1,0,0,3,0,0,4,0,0,7,0,3,0,0,0,1,1,0,0,0,1,1,3,0,0,0,0,0,2,2,2,0,1,0,0,0,8,0,0,0,1,0,0,2,2,1,0
1965,Lyndon B Johnson,Democratic,4394,0,3,0,0,0,1,5,4,0,1,0,0,4,0,1,0,0,1,0,1,0,1,0,4,0,3,0,0,0,0,0,3,12,6,0,2,0,0,0,3,0,0,0,0,1,0,3,0,0,4
1966,Lyndon B Johnson,Democratic,5255,0,0,1,0,0,0,2,5,0,2,0,0,11,0,3,0,0,1,2,3,0,0,0,1,1,5,0,0,0,0,0,1,5,6,0,0,0,0,0,0,1,0,0,1,2,0,3,1,1,0
1967,Lyndon B Johnson,Democratic,7111,0,1,0,0,1,0,6,8,0,1,0,0,18,0,1,0,0,1,0,3,0,0,0,0,1,8,0,0,0,0,0,1,3,10,2,0,0,0,1,1,4,0,0,2,5,0,4,1,4,1
1968,Lyndon B Johnson,Democratic,4855,0,4,1,0,0,0,1,5,0,6,0,0,7,0,3,0,0,1,1,4,0,4,0,5,0,5,0,0,0,0,1,0,1,10,0,0,0,0,0,1,4,0,2,3,1,0,2,0,2,1
1969,Lyndon B Johnson,Democratic,4107,0,0,0,0,0,0,1,4,0,0,0,0,2,0,1,0,0,0,1,2,0,0,0,1,2,3,0,0,0,0,0,0,2,11,1,1,0,0,0,2,0,0,0,1,0,0,2,2,2,0
1970,Richard Nixon,Republican,4455,0,0,0,0,0,0,1,9,0,2,0,0,12,1,2,0,0,0,3,1,4,0,0,1,0,1,0,0,0,0,0,2,5,3,0,1,0,0,0,0,0,0,0,1,1,0,0,0,0,0
1971,Richard Nixon,Republican,4475,0,0,0,0,0,0,8,1,0,0,0,0,4,0,0,0,0,1,6,0,0,0,0,2,0,5,0,0,0,0,0,1,0,1,0,1,0,0,0,1,0,0,0,0,2,0,0,0,0,0
1972,Richard Nixon,Republican,3967,0,0,0,0,0,0,1,4,0,0,0,0,8,0,2,0,0,0,3,0,0,1,0,0,0,1,0,0,0,0,0,2,4,3,0,2,0,0,0,2,0,0,0,1,5,0,1,0,1,0
1973,Richard Nixon,Republican,1649,0,0,0,0,0,0,0,1,0,0,0,0,1,1,0,0,0,0,3,0,0,0,0,1,0,1,0,0,0,0,0,0,2,2,0,0,0,0,0,1,0,0,0,0,5,0,1,0,0,0
1974,Richard Nixon,Republican,5154,3,1,0,0,0,0,3,5,0,0,0,0,7,0,7,0,0,17,3,0,0,1,0,0,0,4,0,0,0,0,0,4,3,1,0,2,0,0,0,0,0,0,0,0,2,0,4,0,1,1
1975,Gerald R Ford,Republican,4103,19,0,0,0,0,0,4,0,0,0,0,0,1,0,5,0,0,24,5,2,1,0,0,3,0,0,1,1,0,0,0,0,0,2,0,1,0,0,0,0,0,0,0,0,10,0,2,2,6,0
1976,Gerald R Ford,Republican,4951,3,0,2,0,0,0,14,7,0,3,0,0,4,0,5,0,0,9,6,0,0,0,0,4,1,3,1,0,0,0,0,1,6,3,0,1,0,0,0,0,1,0,0,0,4,0,0,3,3,0
1977,Gerald R Ford,Republican,4640,5,0,0,0,0,0,5,4,0,0,0,0,8,0,3,0,0,19,3,0,0,0,0,0,1,4,0,0,0,0,0,0,2,1,1,2,0,0,0,1,0,0,0,3,1,0,2,0,7,0
1978,Jimmy Carter,Democratic,4580,3,0,0,0,0,0,11,0,0,1,0,0,3,0,3,0,0,9,15,4,0,6,0,7,1,1,0,0,0,0,0,0,2,3,0,2,0,0,0,4,0,0,0,3,3,0,6,0,7,0
1979,Jimmy Carter,Democratic,3243,0,0,0,0,0,0,8,0,0,1,0,0,3,0,3,0,1,1,15,3,0,0,0,1,1,4,0,1,0,0,0,0,2,2,1,2,0,0,0,5,0,1,0,2,0,0,3,0,13,0
1980,Jimmy Carter,Democratic,3396,13,0,0,0,2,0,2,0,0,0,0,0,2,0,13,0,0,9,4,1,0,0,0,2,2,0,0,0,0,0,0,0,2,3,0,0,0,0,0,0,0,0,0,3,0,0,1,0,6,0
1981,Jimmy Carter,Democratic,33558,40,0,0,2,1,7,32,0,0,23,0,12,19,1,27,0,0,73,16,6,2,7,0,17,37,15,5,1,0,0,1,19,10,21,3,1,0,0,0,1,2,0,8,9,0,2,22,18,34,7
1982,Ronald Reagan,Republican,5161,1,0,0,0,1,0,8,2,0,0,0,0,0,1,8,0,0,2,7,4,1,1,0,6,1,4,0,0,0,0,0,1,6,2,0,4,0,0,0,4,0,0,0,0,9,0,1,0,1,0
1983,Ronald Reagan,Republican,5536,0,1,0,0,0,0,7,2,0,4,0,0,1,0,4,0,0,0,8,4,4,3,0,3,7,7,1,0,0,0,0,0,10,7,0,0,0,0,0,0,0,0,0,1,1,1,10,2,1,0
1984,Ronald Reagan,Republican,4944,0,0,0,0,2,0,5,2,1,1,0,0,5,0,3,0,0,1,5,4,1,1,0,4,5,9,0,0,0,0,0,2,13,12,0,1,0,0,0,8,0,0,0,1,7,0,1,2,3,0
1985,Ronald Reagan,Republican,4213,0,0,0,0,0,0,14,5,2,2,0,0,5,0,2,0,0,2,1,1,0,2,0,0,1,6,0,1,0,0,0,1,19,6,0,1,0,0,0,6,1,0,0,2,2,0,6,1,4,1
1986,Ronald Reagan,Republican,3473,0,0,0,0,0,0,3,1,0,0,0,0,1,0,0,0,0,0,1,3,0,1,0,0,2,5,0,0,0,0,0,0,10,3,0,1,0,0,0,5,0,0,0,2,3,0,3,0,3,0
1987,Ronald Reagan,Republican,3770,0,0,0,0,0,0,1,0,0,1,0,0,2,0,3,0,0,1,1,2,0,2,0,0,0,6,0,0,0,0,0,0,13,1,0,0,0,0,0,0,0,0,0,2,2,0,9,0,0,1
1988,Ronald Reagan,Republican,4826,0,0,0,1,0,0,3,0,2,0,0,0,6,0,0,0,0,0,2,3,1,0,0,0,0,4,0,0,0,0,0,0,21,7,0,2,0,0,1,0,0,0,0,1,0,0,7,0,7,1
1989,George Bush,Republican,4821,2,0,0,0,0,0,0,1,0,1,0,0,5,0,4,0,0,3,3,5,0,1,0,3,3,4,0,1,0,0,0,0,5,10,0,1,0,0,0,2,1,0,0,4,4,0,0,0,3,4
1990,George Bush,Republican,3811,0,0,0,0,0,0,1,1,0,1,0,0,0,0,6,0,1,1,0,3,1,0,0,0,2,7,0,0,0,0,0,1,11,8,0,1,0,0,0,2,0,1,0,0,1,0,0,2,0,2
1991,George Bush,Republican,3968,1,0,0,0,1,0,3,4,0,1,0,0,9,0,1,0,1,2,3,0,1,1,0,0,2,4,0,1,0,0,0,1,14,0,0,1,0,0,0,0,0,1,0,0,0,2,3,0,0,0
1992,George Bush,Republican,5082,0,1,0,0,0,0,9,4,0,2,0,0,6,0,1,0,0,1,1,1,0,1,0,2,4,8,0,0,0,0,0,1,2,1,0,0,0,0,0,1,1,0,0,0,4,0,4,1,4,0
1993,William J Clinton,Democratic,6999,0,4,0,0,0,0,12,2,0,1,0,0,1,0,2,0,0,8,1,20,9,0,0,13,2,13,0,0,0,0,0,0,1,4,0,0,0,0,0,1,2,0,0,1,6,0,5,3,1,1
1994,William J Clinton,Democratic,7378,0,2,2,0,0,0,4,16,0,1,0,0,2,0,4,0,0,0,2,9,1,0,0,3,1,16,0,1,0,0,0,0,3,8,0,0,0,0,0,0,6,0,0,5,5,0,3,6,4,1
1995,William J Clinton,Democratic,9173,0,7,0,1,1,1,13,11,0,1,0,0,8,0,3,0,0,0,2,8,1,2,0,6,2,19,2,0,0,0,0,0,7,7,0,1,0,0,0,1,5,0,2,3,4,0,2,3,4,1
1996,William J Clinton,Democratic,6328,0,5,0,1,1,1,5,13,0,1,0,2,4,0,1,0,0,1,1,4,1,1,0,2,3,38,1,1,0,0,0,0,2,3,0,1,0,0,0,2,6,0,1,5,3,0,1,2,6,2
1997,William J Clinton,Democratic,6749,0,11,0,0,1,0,11,3,0,0,0,0,8,1,1,0,0,1,0,0,0,0,0,5,2,24,0,2,0,0,0,1,3,2,0,1,0,0,0,1,1,0,0,2,4,0,5,2,5,9
1998,William J Clinton,Democratic,7277,0,13,0,0,0,0,11,4,0,1,0,0,3,2,2,0,0,3,1,7,1,1,0,4,2,24,0,0,0,0,0,1,5,6,0,0,0,0,0,1,2,0,0,8,0,0,7,2,4,4
1999,William J Clinton,Democratic,7475,0,4,1,0,2,0,10,6,0,1,0,0,3,0,1,0,0,1,1,2,1,2,0,2,3,22,2,0,0,0,0,0,3,8,0,3,0,0,1,0,3,0,1,2,1,0,10,3,5,4
2000,William J Clinton,Democratic,9052,0,13,19,0,0,0,10,5,0,1,0,0,3,1,1,0,0,3,0,0,8,2,0,6,6,38,4,1,0,0,0,1,6,9,0,1,0,0,0,1,3,0,1,5,0,0,8,1,3,2
2001,George W Bush,Republican,4362,0,2,0,0,0,0,3,0,0,1,0,0,1,0,7,0,1,12,2,0,7,1,0,1,3,10,5,0,0,0,0,0,6,6,1,0,0,0,0,3,2,1,1,1,7,0,4,4,1,1
2002,George W Bush,Republican,3825,1,0,0,2,1,0,4,0,0,0,0,0,12,0,4,0,0,3,0,1,1,0,0,1,5,6,2,0,0,0,0,1,10,5,0,2,0,0,0,1,4,0,1,12,0,1,4,1,3,0
2003,George W Bush,Republican,5368,0,0,0,0,2,0,10,0,1,0,0,1,11,0,3,0,0,6,0,1,0,0,0,1,4,7,1,0,0,0,0,0,4,2,0,3,0,0,0,3,0,0,0,27,3,0,0,0,12,1
2004,George W Bush,Republican,5167,0,1,0,0,1,2,14,2,0,1,0,0,12,0,2,0,0,2,0,1,0,1,0,2,8,14,1,2,0,0,0,0,8,2,0,1,0,0,0,5,1,0,0,8,9,0,1,1,4,4
2005,George W Bush,Republican,5045,0,2,0,3,1,2,11,1,0,0,0,0,5,0,4,0,0,4,1,1,0,0,0,1,11,10,12,0,0,0,0,0,20,3,0,7,0,0,0,2,0,0,0,3,4,0,0,12,3,1
2006,George W Bush,Republican,5287,3,0,0,2,3,2,16,4,0,1,0,0,2,0,8,0,0,6,0,1,0,0,0,3,7,7,2,0,0,0,0,0,17,8,0,4,0,0,0,2,0,0,0,3,1,0,3,1,3,1
2007,George W Bush,Republican,5552,9,0,0,4,0,4,7,0,0,0,0,0,10,1,4,0,0,3,1,2,2,0,0,4,4,10,0,4,0,0,0,0,2,9,0,2,0,0,0,1,0,0,0,3,3,1,1,1,3,3
2008,George W Bush,Republican,5704,3,1,0,3,0,3,6,0,0,4,0,0,3,1,6,0,0,5,0,0,0,1,0,5,5,8,0,0,0,0,0,0,10,10,0,8,0,0,0,3,2,0,2,0,6,0,6,2,4,3
2009,Barack Obama,Democratic,6053,2,10,0,0,1,0,22,0,0,3,0,0,4,1,0,0,0,14,0,9,6,0,0,6,3,11,1,0,0,0,0,0,1,3,0,0,0,0,0,0,1,0,1,1,1,0,0,2,1,3
2010,Barack Obama,Democratic,7221,2,6,0,0,0,1,15,0,0,2,0,0,4,3,2,0,0,15,0,10,5,1,0,12,6,6,2,0,1,0,0,0,1,1,0,0,0,0,0,2,0,0,1,3,8,2,3,2,4,2
2011,Barack Obama,Democratic,6867,2,7,0,1,0,1,7,0,0,1,0,0,4,0,2,0,0,9,0,10,1,2,0,11,4,7,1,0,0,0,1,0,1,1,0,0,0,0,1,3,0,0,1,3,2,3,4,3,5,9
2012,Barack Obama,Democratic,7026,10,7,0,1,0,2,12,0,0,3,0,0,4,1,4,0,0,23,0,7,9,1,0,11,5,2,1,1,1,0,0,0,1,1,0,1,0,0,0,0,0,0,5,0,8,1,3,1,3,5
2013,Barack Obama,Democratic,6783,5,3,5,2,0,3,13,1,0,5,0,0,3,3,5,0,0,17,0,10,2,0,0,5,6,7,3,0,0,0,0,0,3,1,0,0,0,0,0,3,2,0,2,2,1,3,2,4,3,5
2014,Barack Obama,Democratic,6987,5,6,1,0,1,3,12,0,0,2,0,0,7,2,5,0,0,8,0,2,1,1,0,8,6,4,2,6,6,0,0,1,1,0,3,0,0,0,1,3,1,0,3,1,2,1,2,2,5,4
2015,Barack Obama,Democratic,6568,4,10,0,0,1,2,18,1,0,1,1,0,3,4,5,0,0,2,1,0,2,0,0,3,3,3,2,6,4,3,0,0,1,3,0,0,0,0,0,1,1,0,4,0,3,5,5,3,5,2
2016,Barack Obama,Democratic,6025,4,3,1,0,0,1,16,0,0,0,0,1,6,4,5,0,0,7,1,0,0,0,0,5,0,1,4,1,0,0,0,1,2,1,0,1,0,0,1,1,0,0,1,1,2,0,0,3,2,2
2017,Donald J Trump,Republican,4903,0,3,0,2,5,7,1,1,0,0,0,0,4,0,5,0,0,0,0,1,1,0,0,4,6,8,0,0,0,0,0,0,3,3,0,1,0,0,0,1,0,0,3,0,1,6,4,1,0,0
2018,Donald J Trump,Republican,5862,0,1,0,3,1,8,3,0,0,0,1,0,2,0,4,0,0,2,0,1,0,0,0,5,0,4,1,0,1,0,0,0,5,1,0,1,0,0,1,2,2,0,7,1,0,4,4,0,6,0
2019,Donald J Trump,Republican,5249,1,0,0,13,1,5,5,2,1,0,2,0,4,0,2,0,0,2,0,1,0,0,0,1,12,5,0,1,1,0,0,0,5,1,1,1,0,0,0,2,0,0,1,1,1,4,6,0,3,0
2020,Donald J Trump,Republican,5917,1,1,0,5,1,2,5,1,1,0,9,0,1,0,4,0,0,3,0,0,0,1,0,0,6,9,0,0,3,1,0,0,4,0,0,1,0,0,2,2,2,0,1,1,0,1,5,1,1,4
2021,Joseph R Biden,Democratic,7945,0,5,10,3,3,4,7,1,0,1,2,0,3,6,1,0,2,2,0,1,0,1,0,1,6,7,0,1,1,0,0,1,0,6,0,0,0,0,0,1,1,2,1,4,5,4,2,3,3,1
2022,Joseph R Biden,Democratic,7661,1,0,4,2,0,3,13,1,0,3,0,1,5,2,4,0,0,4,5,5,2,1,0,3,2,6,0,2,2,3,0,0,6,2,0,5,0,0,0,0,5,0,5,1,3,5,0,3,0,2
2023,Joseph R Biden,Democratic,9223,4,4,5,10,1,2,6,3,1,2,0,0,2,3,2,0,0,5,5,6,6,1,0,1,0,10,0,0,1,3,0,0,1,5,0,0,0,0,0,2,5,0,6,2,4,8,1,1,0,1